ASIN,Brand,Marketplace,Keyword
B07PXFF18X,393,DE,Fendi Shoulder Bag
B0CTD492NW,90,DE,Fendi Shoulder Bag
B0CTD39354,13,DE,Fendi Shoulder Bag
B0CY5HZZG1,"1,101",DE,Fendi Shoulder Bag
B0FJ2XLK99,Unknown Brand,DE,Fendi Shoulder Bag
B0C2TYXC5N,"2,377",DE,Fendi Shoulder Bag
B0CLZT91DG,363,DE,Fendi Shoulder Bag
B0CN14LTSF,123,DE,Fendi Shoulder Bag
B0F5Q2P1K9,26,DE,Fendi Shoulder Bag
B0D1QQRLWX,93,DE,Fendi Shoulder Bag
B0DZ67W71G,88,DE,Fendi Shoulder Bag
B0F9NQPBJ2,Was:,DE,Fendi Shoulder Bag
B0CLZVTXP5,363,DE,Fendi Shoulder Bag
B0DHPLT1M9,95,DE,Fendi Shoulder Bag
B071J85BJK,"3,839",DE,Fendi Shoulder Bag
B0DHRHFMPF,43,DE,Fendi Shoulder Bag
B0CBB35YY8,35,DE,Fendi Shoulder Bag
B096XCZRWF,"2,072",DE,Fendi Shoulder Bag
B07YQQFC9T,"1,863",DE,Fendi Shoulder Bag
B07T7DPZ8G,874,DE,Fendi Shoulder Bag
B09YNLNWGX,194,DE,Fendi Shoulder Bag
B0CG5Z5R87,450,DE,Fendi Shoulder Bag
B0F3X6H3DF,10,DE,Fendi Shoulder Bag
B0DLFNTBRD,8,DE,Fendi Shoulder Bag
B0DCJFYTYP,15,DE,Fendi Shoulder Bag
B0CZMMZPBZ,"3,695",DE,Fendi Shoulder Bag
B0F4XHHSCQ,66,DE,Fendi Shoulder Bag
B0DPMG3B46,27,DE,Fendi Shoulder Bag
B0CNPXGZN1,30,DE,Fendi Shoulder Bag
B0CH31LS9P,297,DE,Fendi Shoulder Bag
B0DTJRLSD2,8,DE,Fendi Shoulder Bag
B09BVJYWP1,507,DE,Fendi Shoulder Bag
B0CY1TV7J6,20,DE,Fendi Shoulder Bag
B0D69JLMBD,133,DE,Fendi Shoulder Bag
B0C3H5SQWC,325,DE,Fendi Shoulder Bag
B0D1R3HMGZ,65,DE,Fendi Shoulder Bag
B0F1XVCJF2,2,DE,Fendi Shoulder Bag
B0D2KSTWRG,178,DE,Fendi Shoulder Bag
B0CQXG6Y9X,10,DE,Fendi Shoulder Bag
B0DPZBCYDC,30,DE,Fendi Shoulder Bag
B0CCJ3KP9H,59,DE,Fendi Shoulder Bag
B0CHF6X7SP,88,DE,Fendi Shoulder Bag
B0CGVCDHSF,371,DE,Fendi Shoulder Bag
B0832JWFC9,17,DE,Fendi Shoulder Bag
B0CLZXNP3F,215,DE,Fendi Shoulder Bag
B0DKJ3ZGHH,6,DE,Fendi Shoulder Bag
B0D9VG433D,16,DE,Fendi Shoulder Bag
B0DQ4VGXLJ,13,DE,Fendi Shoulder Bag
B0CNPMZ5QM,15,DE,Fendi Shoulder Bag
B0C8NN8B6J,155,DE,Fendi Shoulder Bag
B0DT9QVYK4,33,DE,Fendi Shoulder Bag
B0DB21XGLT,Was:,DE,Fendi Shoulder Bag
B0CGHXT512,8,DE,Fendi Shoulder Bag
B0D97LSZLX,2,DE,Fendi Shoulder Bag
B0DBTRVP6Z,22,DE,Fendi Shoulder Bag
B0DBQ7G7RV,11,DE,Fendi Shoulder Bag
B0F2FC3LDS,2,DE,Fendi Shoulder Bag
B0915SMWJQ,171,DE,Fendi Shoulder Bag
B0B7GM7V4B,33,DE,Fendi Shoulder Bag
B0F881S2FT,94,DE,Fendi Shoulder Bag
B0CSZ3KJKX,94,DE,Fendi Shoulder Bag
B0DJFBJL6J,6,DE,Fendi Shoulder Bag
B0CRD2L46M,2,DE,Fendi Shoulder Bag
B07PXFF18X,Unknown Brand,DE,Fendi Shoulder Bag
B0CLZVTXP5,Best Seller,DE,Fendi Shoulder Bag
B0DR8P8WGY,Unknown Brand,DE,Fendi Shoulder Bag
B0CNPMGBB6,Unknown Brand,DE,Fendi Shoulder Bag
B0F2XDLPGT,Unknown Brand,DE,Fendi Shoulder Bag
B0F2WZHYSV,Unknown Brand,DE,Fendi Shoulder Bag
B0F2X43MSZ,Unknown Brand,DE,Fendi Shoulder Bag
B0BXRYN63V,Unknown Brand,DE,Fendi Shoulder Bag
B0CY1TV7J6,Unknown Brand,DE,Fendi Shoulder Bag
B0F2FC3LDS,Unknown Brand,DE,Fendi Shoulder Bag
B0CBB35YY8,Unknown Brand,DE,Fendi Shoulder Bag
B0DJTCPTVJ,Unknown Brand,DE,Fendi Shoulder Bag
B0F9NQPBJ2,Unknown Brand,DE,Fendi Shoulder Bag
B0FGXSPT7X,Unknown Brand,DE,Fendi Shoulder Bag
B0FCYH1FL2,Unknown Brand,DE,Fendi Shoulder Bag
B0FBWVWC59,Unknown Brand,DE,Fendi Shoulder Bag
B0D1R3HMGZ,Unknown Brand,DE,Fendi Shoulder Bag
B09BVJYWP1,Unknown Brand,DE,Fendi Shoulder Bag
B0DT9QVYK4,Unknown Brand,DE,Fendi Shoulder Bag
B0DHPLT1M9,Unknown Brand,DE,Fendi Shoulder Bag
B0DCJFYTYP,Unknown Brand,DE,Fendi Shoulder Bag
B0832JWFC9,Unknown Brand,DE,Fendi Shoulder Bag
B0CCJ3KP9H,Unknown Brand,DE,Fendi Shoulder Bag
B0CQXG6Y9X,Unknown Brand,DE,Fendi Shoulder Bag
B0F7LHYV17,Unknown Brand,DE,Fendi Shoulder Bag
B0DKJ3ZGHH,Unknown Brand,DE,Fendi Shoulder Bag
B0DPMG3B46,Unknown Brand,DE,Fendi Shoulder Bag
B0CNPXGZN1,Unknown Brand,DE,Fendi Shoulder Bag
B0FDL1BWTV,Unknown Brand,DE,Fendi Shoulder Bag
B0FG1H8667,Unknown Brand,DE,Fendi Shoulder Bag
B0DB21XGLT,Unknown Brand,DE,Fendi Shoulder Bag
B0BXS17GS5,Unknown Brand,DE,Fendi Shoulder Bag
B0D8T6SWL6,Unknown Brand,DE,Fendi Shoulder Bag
B0DGQCNWTF,Unknown Brand,DE,Fendi Shoulder Bag
B0CST2MMXR,Unknown Brand,DE,Fendi Shoulder Bag
B0FCDMZDRM,Unknown Brand,DE,Fendi Shoulder Bag
B0D12HRNXS,Unknown Brand,DE,Fendi Shoulder Bag
B098381PQJ,Unknown Brand,DE,Fendi Shoulder Bag
B0D69JLMBD,Unknown Brand,DE,Fendi Shoulder Bag
B0DZXRPD6G,Unknown Brand,DE,Fendi Shoulder Bag
B0DZ1PD1VL,Unknown Brand,DE,Fendi Shoulder Bag
B0CMQJKLK9,Unknown Brand,DE,Fendi Shoulder Bag
B0FGCYBRSH,Unknown Brand,DE,Fendi Shoulder Bag
B0D97LSZLX,Unknown Brand,DE,Fendi Shoulder Bag
B0CGHXT512,Unknown Brand,DE,Fendi Shoulder Bag
B0CHF6X7SP,Unknown Brand,DE,Fendi Shoulder Bag
B0DKNNLDX8,Unknown Brand,DE,Fendi Shoulder Bag
B0CW4ZXJ7T,Unknown Brand,DE,Fendi Shoulder Bag
B0CLZXNP3F,Unknown Brand,DE,Fendi Shoulder Bag
B0D9VG433D,Unknown Brand,DE,Fendi Shoulder Bag
B0F8H8QNLB,Unknown Brand,DE,Fendi Shoulder Bag
B0FGXY9K2V,Unknown Brand,DE,Fendi Shoulder Bag
B0C3H5SQWC,Unknown Brand,DE,Fendi Shoulder Bag
B0DBQ7G7RV,Unknown Brand,DE,Fendi Shoulder Bag
B0CH31LS9P,Unknown Brand,DE,Fendi Shoulder Bag
B0DZXFJMDK,Unknown Brand,DE,Fendi Shoulder Bag
B0DQ4VGXLJ,Unknown Brand,DE,Fendi Shoulder Bag
B0C8NN8B6J,Unknown Brand,DE,Fendi Shoulder Bag
B0FFXRK5JL,"Shop for products from small business brands sold in Amazon’s store. Discover more about the small businesses partnering with Amazon, and Amazon’s commitment to empowering them.",DE,Fendi Shoulder Bag
B0DPZB4NQB,Unknown Brand,DE,Fendi Shoulder Bag
B0DZNDTXPZ,Unknown Brand,DE,Fendi Shoulder Bag
B0F24K2Q7F,Unknown Brand,DE,Fendi Shoulder Bag
B0CD9T41NC,Unknown Brand,DE,Fendi Shoulder Bag
B0DLMVFYVM,Unknown Brand,DE,Fendi Shoulder Bag
B0DJFBJL6J,Unknown Brand,DE,Fendi Shoulder Bag
B0F881S2FT,Unknown Brand,DE,Fendi Shoulder Bag
B0DWSQ34LH,Unknown Brand,DE,Fendi Shoulder Bag
B0F7X2997Z,Unknown Brand,DE,Fendi Shoulder Bag
B0F5449H5R,Unknown Brand,DE,Fendi Shoulder Bag
B0CN4D5FTC,Unknown Brand,DE,Fendi Shoulder Bag
B0D56VKKH5,Unknown Brand,DE,Fendi Shoulder Bag
B0DSKHS3DK,Unknown Brand,DE,Fendi Shoulder Bag
B00AE4I6NU,Unknown Brand,DE,Fendi Shoulder Bag
B00QNDZIKU,Unknown Brand,DE,Fendi Shoulder Bag
B00JGJWC48,Unknown Brand,DE,Fendi Shoulder Bag
B0DFGMV436,Unknown Brand,DE,Fendi Shoulder Bag
B0DXL1C8Z8,Unknown Brand,DE,Fendi Shoulder Bag
B0CLGVSDHB,Unknown Brand,DE,Fendi Shoulder Bag
B0DMDTBL1Q,Unknown Brand,DE,Fendi Shoulder Bag
B0FLDV1FCC,Unknown Brand,DE,Fendi Shoulder Bag
B0CJQFBVYV,Unknown Brand,DE,Fendi Shoulder Bag
B0DBTRVP6Z,Unknown Brand,DE,Fendi Shoulder Bag
B07J9N5BH4,"Shop for products from small business brands sold in Amazon’s store. Discover more about the small businesses partnering with Amazon, and Amazon’s commitment to empowering them.",DE,Fendi Shoulder Bag
B0DCSSC3QM,Unknown Brand,DE,Fendi Shoulder Bag
B0DZGV9HFN,Unknown Brand,DE,Fendi Shoulder Bag
B0CRD2L46M,Unknown Brand,DE,Fendi Shoulder Bag
B0CVXJLKBK,Unknown Brand,DE,Fendi Shoulder Bag
B0915SMWJQ,Unknown Brand,DE,Fendi Shoulder Bag
B0F7LMWSB3,Unknown Brand,DE,Fendi Shoulder Bag
B0CD9T41NC,"3,695",DE,Fendi Shoulder Bag
B0DJTCPTVJ,69,DE,Fendi Shoulder Bag
B0FLXRMCPT,Unknown Brand,DE,Fendi Shoulder Bag
B0FMPRT6HK,Unknown Brand,DE,Fendi Shoulder Bag
B0FG16J1GG,Unknown Brand,DE,Fendi Shoulder Bag
B0FMPQPSBN,Unknown Brand,DE,Fendi Shoulder Bag
B0FMMXG814,Unknown Brand,DE,Fendi Shoulder Bag
B0FM3JSYF3,Unknown Brand,DE,Fendi Shoulder Bag
B0FCRMB6W8,88,DE,Fendi Shoulder Bag
B0FFXRK5JL,Small Business,DE,Fendi Shoulder Bag
B0BFB3JTJY,"1,121",DE,Fendi Shoulder Bag
B0DX8L4XDW,96,DE,Fendi Shoulder Bag
B0FM3D4SNF,Unknown Brand,DE,Fendi Shoulder Bag
B0FLXP83T2,Unknown Brand,DE,Fendi Shoulder Bag
B0FM6ZVCCW,Unknown Brand,DE,Fendi Shoulder Bag
B0FKG1Y37F,Unknown Brand,DE,Fendi Shoulder Bag
B0DKNNLDX8,18,DE,Fendi Shoulder Bag
B0DQCZSKDK,35,DE,Fendi Shoulder Bag
B0FLY9BW1J,Unknown Brand,DE,Fendi Shoulder Bag
B0FLQL3SGY,Unknown Brand,DE,Fendi Shoulder Bag
B0FLPB7P4J,Unknown Brand,DE,Fendi Shoulder Bag
B0FLNCS2M1,Unknown Brand,DE,Fendi Shoulder Bag
B0FLJ2MKXS,Unknown Brand,DE,Fendi Shoulder Bag
B0FLDXJTJC,Unknown Brand,DE,Fendi Shoulder Bag
B0FL767B2L,Unknown Brand,DE,Fendi Shoulder Bag
B0FKYGGGQS,Unknown Brand,DE,Fendi Shoulder Bag
B0FKTK21J3,Unknown Brand,DE,Fendi Shoulder Bag
B0CL7N9D3D,Unknown Brand,DE,Fendi Shoulder Bag
B0FLXXGNLN,Unknown Brand,DE,Fendi Shoulder Bag
B0FLWCR15X,Unknown Brand,DE,Fendi Shoulder Bag
B0FLW8X6W4,Unknown Brand,DE,Fendi Shoulder Bag
B0FMJGFGGX,Unknown Brand,DE,Fendi Shoulder Bag
B0FM8D781C,Unknown Brand,DE,Fendi Shoulder Bag
B0FM7TDB4K,Unknown Brand,DE,Fendi Shoulder Bag
B0FM4M9SNR,Unknown Brand,DE,Fendi Shoulder Bag
B0FLX3Y9V5,Unknown Brand,DE,Fendi Shoulder Bag
B0F18YS7KP,Unknown Brand,DE,Fendi Shoulder Bag
B0C3MTCWYL,11,DE,Fendi Shoulder Bag
B0B9JWGVPH,1,DE,Fendi Shoulder Bag
B0FJHZ5CC8,Unknown Brand,DE,Fendi Shoulder Bag
B0FJ87R27L,Unknown Brand,DE,Fendi Shoulder Bag
B0DHPH38TQ,Unknown Brand,DE,Fendi Shoulder Bag
B0CZL656V2,131,DE,Fendi Shoulder Bag
B0FLX415HF,Unknown Brand,DE,Fendi Shoulder Bag
B0FLLS1FWR,Save 7%,DE,Fendi Shoulder Bag
B0FJ7T3G5M,Unknown Brand,DE,Fendi Shoulder Bag
B0FKH487RQ,Unknown Brand,DE,Fendi Shoulder Bag
B0FHWXXW4H,Unknown Brand,DE,Fendi Shoulder Bag
B0FHKMKY16,Unknown Brand,DE,Fendi Shoulder Bag
B0FGJS4NRB,Unknown Brand,DE,Fendi Shoulder Bag
B0FBVFT72Y,Unknown Brand,DE,Fendi Shoulder Bag
B0FHWBLW6C,Unknown Brand,DE,Fendi Shoulder Bag
B0FGH62KD3,Unknown Brand,DE,Fendi Shoulder Bag
B0FGBR8Y2B,Unknown Brand,DE,Fendi Shoulder Bag
B0FG3BHC5Y,Unknown Brand,DE,Fendi Shoulder Bag
B0CN97KYXN,Unknown Brand,DE,Fendi Shoulder Bag
B0CL23FC7J,Unknown Brand,DE,Fendi Shoulder Bag
B0DXPNBN1C,Unknown Brand,DE,Fendi Shoulder Bag
B0D8ZDKQ81,Unknown Brand,DE,Fendi Shoulder Bag
B0DD3F3996,Unknown Brand,DE,Fendi Shoulder Bag
B0CKQPKFJF,Unknown Brand,DE,Fendi Shoulder Bag
B0CP2BYF5M,Unknown Brand,DE,Fendi Shoulder Bag
B0DYJXDBB6,Unknown Brand,DE,Fendi Shoulder Bag
B0CL6KSZ2S,Unknown Brand,DE,Fendi Shoulder Bag
B0FLW748QF,Unknown Brand,DE,Fendi Shoulder Bag
B0DS7H8QTG,Unknown Brand,DE,Fendi Shoulder Bag
B0D7HSRKTC,Unknown Brand,DE,Fendi Shoulder Bag
B0FJRTY7XL,Unknown Brand,DE,Fendi Shoulder Bag
B0D8GN3DC7,Unknown Brand,DE,Fendi Shoulder Bag
B0CVXK6FQG,Unknown Brand,DE,Fendi Shoulder Bag
B0DZP9N1BW,Unknown Brand,DE,Fendi Shoulder Bag
B0CZL656V2,Unknown Brand,DE,Fendi Shoulder Bag
B0DSJ5GVJR,Unknown Brand,DE,Fendi Shoulder Bag
B0F5PZ7XY7,Unknown Brand,DE,Fendi Shoulder Bag
B0DK4PHF7L,Unknown Brand,DE,Fendi Shoulder Bag
B0DNPSM8DZ,Unknown Brand,DE,Fendi Shoulder Bag
B0CP8XGTYZ,Unknown Brand,DE,Fendi Shoulder Bag
B0DYV5KMTG,Unknown Brand,DE,Fendi Shoulder Bag
B0DP6C2J32,Unknown Brand,DE,Fendi Shoulder Bag
B09ZTXVNVD,Unknown Brand,DE,Fendi Shoulder Bag
B0DDPMQJVH,Unknown Brand,DE,Fendi Shoulder Bag
B0C53GZ3SP,Unknown Brand,DE,Fendi Shoulder Bag
B0FLVXYJXF,Unknown Brand,DE,Fendi Shoulder Bag
B0D8ZCK3HY,Unknown Brand,DE,Fendi Shoulder Bag
B0FC2ZHDM5,Unknown Brand,DE,Fendi Shoulder Bag
B0C66B37NV,Unknown Brand,DE,Fendi Shoulder Bag
B0DPRKXD2C,Unknown Brand,DE,Fendi Shoulder Bag
B0CSKFYCQD,Unknown Brand,DE,Fendi Shoulder Bag
B0DRNBZB99,Unknown Brand,DE,Fendi Shoulder Bag
B0FJWYVQHY,Unknown Brand,DE,Fendi Shoulder Bag
B0CSKDNC6M,Unknown Brand,DE,Fendi Shoulder Bag
B0BYDFJFM4,Unknown Brand,DE,Fendi Shoulder Bag
B0DNYGQB3M,Unknown Brand,DE,Fendi Shoulder Bag
B0DQZT979N,Unknown Brand,DE,Fendi Shoulder Bag
B0BKSRVQ7V,Unknown Brand,DE,Fendi Shoulder Bag
B09QT6P92Y,Unknown Brand,DE,Fendi Shoulder Bag
B0DQL2N37Q,Unknown Brand,DE,Fendi Shoulder Bag
B0F34HF98S,Unknown Brand,DE,Fendi Shoulder Bag
B0D1RBSHCS,Unknown Brand,DE,Fendi Shoulder Bag
B0CLZ74748,56,DE,Fendi Shoulder Bag
B0BYDFJFM4,192,DE,Fendi Shoulder Bag
B0CP8XGTYZ,26,DE,Fendi Shoulder Bag
B0D4TLFXYV,"3,695",DE,Fendi Shoulder Bag
B09L534T54,23,DE,Fendi Shoulder Bag
B0CQ26HP2C,"3,695",DE,Fendi Shoulder Bag
B0FCRMB6W8,Unknown Brand,DE,Fendi Shoulder Bag
B09L7XHYCS,Unknown Brand,DE,Fendi Shoulder Bag
B0DQCZSKDK,Unknown Brand,DE,Fendi Shoulder Bag
B0F533LTY6,Unknown Brand,DE,Fendi Shoulder Bag
B0F3X3BKN5,Unknown Brand,DE,Fendi Shoulder Bag
B0F6T7B8FC,34,DE,Fendi Shoulder Bag
B0C8CYZ73B,32,DE,Fendi Shoulder Bag
B0F3HXBKBD,33,DE,Fendi Shoulder Bag
B09L534T54,"Shop for products from small business brands sold in Amazon’s store. Discover more about the small businesses partnering with Amazon, and Amazon’s commitment to empowering them.",DE,Fendi Shoulder Bag
B0CQ26HP2C,Unknown Brand,DE,Fendi Shoulder Bag
B0F3HXBKBD,Unknown Brand,DE,Fendi Shoulder Bag
B0B5H2KZDJ,Unknown Brand,FR,Fendi Shoulder Bag
B0CL7TPH4P,Unknown Brand,FR,Fendi Shoulder Bag
B0CLHLGBZX,Unknown Brand,FR,Fendi Shoulder Bag
B0D9MFJ3K3,Desigual,FR,Fendi Shoulder Bag
B09JKQ99DN,HUALEENA,FR,Fendi Shoulder Bag
B0C8CYNB2B,Aucuu,FR,Fendi Shoulder Bag
B0DBKXJ1RC,LA'FESTIN,FR,Fendi Shoulder Bag
B0DDQ7XQV6,STILORD,FR,Fendi Shoulder Bag
B0CX8TV46R,SODOLLEE,FR,Fendi Shoulder Bag
B0BBR5D6HB,SIVENKE,FR,Fendi Shoulder Bag
B0CQJTBKGT,Angel Kiss,FR,Fendi Shoulder Bag
B0B1HG6BYM,EVVE,FR,Fendi Shoulder Bag
B0DXPW4B16,TEUEN,FR,Fendi Shoulder Bag
B0C64YBRQZ,X SIM FITNESSX,FR,Fendi Shoulder Bag
B0F3X765MP,Dreaku,FR,Fendi Shoulder Bag
B0BXWXTWPC,matago,FR,Fendi Shoulder Bag
B09SV6757M,ZIYUEZIKUN,FR,Fendi Shoulder Bag
B0CJ24H7SG,KUNKUN,FR,Fendi Shoulder Bag
B0F37XCZTS,Beread,FR,Fendi Shoulder Bag
B0F2T8W1LL,Samlonge,FR,Fendi Shoulder Bag
B0DF73SLJD,FOSDICK,FR,Fendi Shoulder Bag
B0DPCTKFNH,TOTDYIKH,FR,Fendi Shoulder Bag
B0C39SP5LL,KUNKUN,FR,Fendi Shoulder Bag
B0DSKXGB3D,HILAEX,FR,Fendi Shoulder Bag
B0DPCT2SBG,Adore June,FR,Fendi Shoulder Bag
B0BG56FC79,Cwatcun,FR,Fendi Shoulder Bag
B0DBLRQGFK,Tokeya,FR,Fendi Shoulder Bag
B07XB98RG8,David Jones,FR,Fendi Shoulder Bag
B0CYSX212B,SIVENKE,FR,Fendi Shoulder Bag
B0CM6GZKHC,Colexy,FR,Fendi Shoulder Bag
B0BY2FHRL1,Tibroni,FR,Fendi Shoulder Bag
B0DKMPVY5Z,JSDOST,FR,Fendi Shoulder Bag
B07M7X9HLV,Efanliu,FR,Fendi Shoulder Bag
B09JLWBV9Q,Roulens,FR,Fendi Shoulder Bag
B0D923WTVM,GUDIDBAG,FR,Fendi Shoulder Bag
B0DSW5R9BR,Namenand,FR,Fendi Shoulder Bag
B0FCMQKXF4,Indrnif,FR,Fendi Shoulder Bag
B0D89KJGL1,MUIIKOLA,FR,Fendi Shoulder Bag
B0D9P24R9Y,LA'FESTIN,FR,Fendi Shoulder Bag
B0CZRW135C,Roulens,FR,Fendi Shoulder Bag
B0DPLZTDB6,Generic,FR,Fendi Shoulder Bag
B0CKXLBDC1,GUQTLUN,FR,Fendi Shoulder Bag
B0BWJM2ZRR,Roulens,FR,Fendi Shoulder Bag
B0DWMCT9DC,VOBUKE,FR,Fendi Shoulder Bag
B0FKJBTKP3,Generic,FR,Fendi Shoulder Bag
B0FKJSMTZG,Generic,FR,Fendi Shoulder Bag
B07QBPDCXF,DCCN,FR,Fendi Shoulder Bag
B0CB8HB7B4,ABOUME,FR,Fendi Shoulder Bag
B0CLRJF3BF,OSOCE,FR,Fendi Shoulder Bag
B0D1KLHPZX,Travistar,FR,Fendi Shoulder Bag
B0DXZKWRXT,Glintify,FR,Fendi Shoulder Bag
B0D8K75NRB,Paigtes,FR,Fendi Shoulder Bag
B09GJLD9H9,FANDARE,FR,Fendi Shoulder Bag
B0DWMM1LMG,NEWIROVE,FR,Fendi Shoulder Bag
B0DL56G8B5,befen,FR,Fendi Shoulder Bag
B0972LYGKK,ZMDB,FR,Fendi Shoulder Bag
B0D89XLBDG,HOMIEE,FR,Fendi Shoulder Bag
B08PXY7L7L,LaRechor,FR,Fendi Shoulder Bag
B0CCQPGDDN,Travistar,FR,Fendi Shoulder Bag
B0D3TVPPLX,QIUTIMIY,FR,Fendi Shoulder Bag
B07ZYVFL6P,A ALLZEDREAM,FR,Fendi Shoulder Bag
B0D9JGF2GN,POFIBO,FR,Fendi Shoulder Bag
B0DX6TX5JS,YADODO,FR,Fendi Shoulder Bag
B0D234LVVX,Kocris Casa,FR,Fendi Shoulder Bag
B0BLBYHR2W,DGAZ,FR,Fendi Shoulder Bag
B0F81SGY2P,ALICEEDG,FR,Fendi Shoulder Bag
B0DH293WBN,QIUTIMIY,FR,Fendi Shoulder Bag
B0BG56FC79,Unknown Brand,FR,Fendi Shoulder Bag
B0D4QL2V7L,Unknown Brand,FR,Fendi Shoulder Bag
B0DBLRQGFK,Unknown Brand,FR,Fendi Shoulder Bag
B09JLXGQ32,Unknown Brand,FR,Fendi Shoulder Bag
B0CM6GZKHC,Unknown Brand,FR,Fendi Shoulder Bag
B0DKMPVY5Z,Unknown Brand,FR,Fendi Shoulder Bag
B0BY2FHRL1,Unknown Brand,FR,Fendi Shoulder Bag
B0CYSX212B,Unknown Brand,FR,Fendi Shoulder Bag
B07M7X9HLV,Unknown Brand,FR,Fendi Shoulder Bag
B0CLHVVQWR,Unknown Brand,FR,Fendi Shoulder Bag
B0D89KJGL1,Unknown Brand,FR,Fendi Shoulder Bag
B0BWJM2ZRR,Unknown Brand,FR,Fendi Shoulder Bag
B0D264JHVG,Unknown Brand,FR,Fendi Shoulder Bag
B08312C92W,Best Seller,FR,Fendi Shoulder Bag
B0CZRW135C,Unknown Brand,FR,Fendi Shoulder Bag
B0CKXLBDC1,Unknown Brand,FR,Fendi Shoulder Bag
B09GJVPM1R,Unknown Brand,FR,Fendi Shoulder Bag
B0DWMCT9DC,Unknown Brand,FR,Fendi Shoulder Bag
B0DFXSLFJK,Unknown Brand,FR,Fendi Shoulder Bag
B0DXZYCTM4,Unknown Brand,FR,Fendi Shoulder Bag
B0CB8HB7B4,Unknown Brand,FR,Fendi Shoulder Bag
B0DPLZTDB6,Unknown Brand,FR,Fendi Shoulder Bag
B07QBPDCXF,Unknown Brand,FR,Fendi Shoulder Bag
B0D1KLHPZX,Unknown Brand,FR,Fendi Shoulder Bag
B0D9VWV3PN,Unknown Brand,FR,Fendi Shoulder Bag
B0DHWSP46N,Unknown Brand,FR,Fendi Shoulder Bag
B08QJ258WX,Unknown Brand,FR,Fendi Shoulder Bag
B0FCMQKXF4,Unknown Brand,FR,Fendi Shoulder Bag
B0CS2QTKBP,Unknown Brand,FR,Fendi Shoulder Bag
B0DWMM1LMG,Unknown Brand,FR,Fendi Shoulder Bag
B0CNGK72BF,Unknown Brand,FR,Fendi Shoulder Bag
B0736YKGNQ,"Shop for products from small business brands sold in Amazon’s store. Discover more about the small businesses partnering with Amazon, and Amazon’s commitment to empowering them.",FR,Fendi Shoulder Bag
B0DZN788MC,Unknown Brand,FR,Fendi Shoulder Bag
B0CGNMK6SN,Unknown Brand,FR,Fendi Shoulder Bag
B09CM95N55,Unknown Brand,FR,Fendi Shoulder Bag
B071HN1H5C,Unknown Brand,FR,Fendi Shoulder Bag
B0DHRGSWV3,Unknown Brand,FR,Fendi Shoulder Bag
B0D9GY1VLW,Unknown Brand,FR,Fendi Shoulder Bag
B0DL56G8B5,Unknown Brand,FR,Fendi Shoulder Bag
B0CQYH4TY8,Unknown Brand,FR,Fendi Shoulder Bag
B08PXY7L7L,Unknown Brand,FR,Fendi Shoulder Bag
B0D89XLBDG,Unknown Brand,FR,Fendi Shoulder Bag
B0CGNZBZ8Z,Unknown Brand,FR,Fendi Shoulder Bag
B0CCQPGDDN,Unknown Brand,FR,Fendi Shoulder Bag
B0972LYGKK,Unknown Brand,FR,Fendi Shoulder Bag
B0D9V3YYPR,Unknown Brand,FR,Fendi Shoulder Bag
B0DPCW9P7F,Unknown Brand,FR,Fendi Shoulder Bag
B07BWH9XB9,Unknown Brand,FR,Fendi Shoulder Bag
B0DPWYXG7N,Unknown Brand,FR,Fendi Shoulder Bag
B0DPX1NYTG,Unknown Brand,FR,Fendi Shoulder Bag
B0DPWZVYGL,Unknown Brand,FR,Fendi Shoulder Bag
B0C2DG9MBP,Unknown Brand,FR,Fendi Shoulder Bag
B0DXDLQB23,Unknown Brand,FR,Fendi Shoulder Bag
B0F8BPQF76,Unknown Brand,FR,Fendi Shoulder Bag
B071Y32C9J,Unknown Brand,FR,Fendi Shoulder Bag
B0DBDKTBWR,Unknown Brand,FR,Fendi Shoulder Bag
B0CLHVPWCV,Unknown Brand,FR,Fendi Shoulder Bag
B0F297N4W9,Unknown Brand,FR,Fendi Shoulder Bag
B0CDB8V5XF,Unknown Brand,FR,Fendi Shoulder Bag
B0DJ9226X6,Unknown Brand,FR,Fendi Shoulder Bag
B0BY1YY46L,Unknown Brand,FR,Fendi Shoulder Bag
B0CQXRQ6S4,Unknown Brand,FR,Fendi Shoulder Bag
B0BVM24S63,Unknown Brand,FR,Fendi Shoulder Bag
B0CPFFJCCC,Unknown Brand,FR,Fendi Shoulder Bag
B0DTHGPMD2,Unknown Brand,FR,Fendi Shoulder Bag
B09JWN9G59,Unknown Brand,FR,Fendi Shoulder Bag
B088SYXDB3,Unknown Brand,FR,Fendi Shoulder Bag
B00NPLF1HS,Unknown Brand,FR,Fendi Shoulder Bag
B0DX6TX5JS,Unknown Brand,FR,Fendi Shoulder Bag
B0DFMFW88P,Unknown Brand,FR,Fendi Shoulder Bag
B0DPCW9P7F,Adore June,FR,Fendi Shoulder Bag
B0D9V3YYPR,Casecond,FR,Fendi Shoulder Bag
B0D4QL2V7L,JW PEI,FR,Fendi Shoulder Bag
B085HH7WK8,Fender,FR,Fendi Shoulder Bag
B07MZ2PRRC,Fender,FR,Fendi Shoulder Bag
B0832X374Y,Fender,FR,Fendi Shoulder Bag
B07QQ4SLZM,Fender,FR,Fendi Shoulder Bag
B07MRLW81F,Fender,FR,Fendi Shoulder Bag
B082W4LJHK,Fender,FR,Fendi Shoulder Bag
B07MF52NTS,Fender,FR,Fendi Shoulder Bag
B07N6QZZDV,Fender,FR,Fendi Shoulder Bag
B07L3CNLZQ,Fender,FR,Fendi Shoulder Bag
B07M6TYH5F,Fender,FR,Fendi Shoulder Bag
B082W4SRGV,Fender,FR,Fendi Shoulder Bag
B07ML5XJ5T,Fender,FR,Fendi Shoulder Bag
B09JNYBM61,FANDARE,FR,Fendi Shoulder Bag
B09YY7HNXW,NICOLE & DORIS,FR,Fendi Shoulder Bag
B07SBWB3YX,Kris Anna,FR,Fendi Shoulder Bag
B07MPLMCM6,Fender,FR,Fendi Shoulder Bag
B07MBDJ5B2,Fender,FR,Fendi Shoulder Bag
B07MV3TB3N,Fender,FR,Fendi Shoulder Bag
B07MBP6QWX,Fender,FR,Fendi Shoulder Bag
B07L54XBRN,Fender,FR,Fendi Shoulder Bag
B07L3CNVG6,Fender,FR,Fendi Shoulder Bag
B082VYQHGZ,Fender,FR,Fendi Shoulder Bag
B07L5JH1F2,Fender,FR,Fendi Shoulder Bag
B07L3VTYTW,Fender,FR,Fendi Shoulder Bag
B07NQBLR9G,Fender,FR,Fendi Shoulder Bag
B0832W7XPG,Fender,FR,Fendi Shoulder Bag
B084YRQ5LK,Fender,FR,Fendi Shoulder Bag
B071HN1H5C,seOSTO,FR,Fendi Shoulder Bag
B0DWMMSWKM,NOTAG,FR,Fendi Shoulder Bag
B0DFMFW88P,QIUTIMIY,FR,Fendi Shoulder Bag
B01GDZ220G,NICOLE & DORIS,FR,Fendi Shoulder Bag
B084Q14NYN,Fender,FR,Fendi Shoulder Bag
B07MPN2JMN,Fender,FR,Fendi Shoulder Bag
B07NQ9WT6G,Fender,FR,Fendi Shoulder Bag
B084M2YQ3H,Fender,FR,Fendi Shoulder Bag
B082W4567W,Fender,FR,Fendi Shoulder Bag
B07MFDCTTB,Fender,FR,Fendi Shoulder Bag
B07MBD9KXX,Fender,FR,Fendi Shoulder Bag
B07L3D21W7,Fender,FR,Fendi Shoulder Bag
B082W4S86V,Fender,FR,Fendi Shoulder Bag
B07MZQP8MV,Fender,FR,Fendi Shoulder Bag
B07NQBPCT5,Fender,FR,Fendi Shoulder Bag
B082VYP5VH,Fender,FR,Fendi Shoulder Bag
B07MPYRMZP,Fender,FR,Fendi Shoulder Bag
B084M338HL,Fender,FR,Fendi Shoulder Bag
B07L56G7RT,Fender,FR,Fendi Shoulder Bag
B084PZRJTN,Fender,FR,Fendi Shoulder Bag
B082W4SPS4,Fender,FR,Fendi Shoulder Bag
B07MV3GC19,Fender,FR,Fendi Shoulder Bag
B084M3339L,Fender,FR,Fendi Shoulder Bag
B084YZBB8S,Fender,FR,Fendi Shoulder Bag
B084YV7B96,Fender,FR,Fendi Shoulder Bag
B0832XFQGS,Fender,FR,Fendi Shoulder Bag
B0832X2NPY,Fender,FR,Fendi Shoulder Bag
B07L55NJ7L,Fender,FR,Fendi Shoulder Bag
B0CPYH9V62,Baosha,FR,Fendi Shoulder Bag
B01GA2A2HM,NICOLE & DORIS 2025 Nouveau Sac à Main Femme Sacs Portés Main Mode Sac Bandoulière Élégant Sac Epaule Sacoche Femme Sac à Poignée Supérieure avec Pom Poms,FR,Fendi Shoulder Bag
B07L63GX43,NICOLE & DORIS Sac à Main Femme Grand Mode Sac Epaule Sac à Bandoulière en Cuir Sac Cabas Fourre-Tout Shopping Voyage avec des Glands Noir,FR,Fendi Shoulder Bag
B07P1QMRY4,NICOLE & DORIS Femme Sac à main Sac à Bandoulière Sac D'épaule floral sac à main de la Mode,FR,Fendi Shoulder Bag
B0FLWT8V31,SELVFZ,FR,Fendi Shoulder Bag
B0FJ7RL29S,CHAKAE,FR,Fendi Shoulder Bag
B0FLWTVSFX,SELVFZ,FR,Fendi Shoulder Bag
B0D924RSQB,Unknown Brand,FR,Fendi Shoulder Bag
B0FHTH16Y6,XIAOQENAN,FR,Fendi Shoulder Bag
B0FHTDKM5V,XIAOQENAN,FR,Fendi Shoulder Bag
B0FM9D93Q8,XIAOQENAN,FR,Fendi Shoulder Bag
B0FLWBY2BX,THINCAN,FR,Fendi Shoulder Bag
B0FHTJ7XL9,XIAOQENAN,FR,Fendi Shoulder Bag
B0FLP85BTG,Fazvncv,FR,Fendi Shoulder Bag
B07GDQ4PHX,CRAZYCHIC,FR,Fendi Shoulder Bag
B00QVX771A,Lorenz,FR,Fendi Shoulder Bag
B0F5GWQ1TK,FGUUTYM,FR,Fendi Shoulder Bag
B0D234PTJ2,Kocris Casa,FR,Fendi Shoulder Bag
B0742K86RM,FANDARE,FR,Fendi Shoulder Bag
B0FM6T3GP1,Gyios,FR,Fendi Shoulder Bag
B0FLK8LBSK,Generisch,FR,Fendi Shoulder Bag
B0FLK7SKMZ,Generisch,FR,Fendi Shoulder Bag
B0FLK79S3V,Generisch,FR,Fendi Shoulder Bag
B0FK4ZZPSW,Generic,FR,Fendi Shoulder Bag
B0F8GJ859V,LYEAA,FR,Fendi Shoulder Bag
B0F4DL9VPL,xowwyue,FR,Fendi Shoulder Bag
B0DPCRJN9M,SECWL,FR,Fendi Shoulder Bag
B0DPCR6DSW,SECWL,FR,Fendi Shoulder Bag
B0DPCR6477,SECWL,FR,Fendi Shoulder Bag
B0DPCPJL84,SECWL,FR,Fendi Shoulder Bag
B0DPCNR64N,SECWL,FR,Fendi Shoulder Bag
B0BLBYBX9Z,FANDARE,FR,Fendi Shoulder Bag
B0DSWDN3YQ,SPAHER,FR,Fendi Shoulder Bag
B0BDFZBFYH,LucieElle,FR,Fendi Shoulder Bag
B07DGVZ3Y1,FANDARE,FR,Fendi Shoulder Bag
B0DP9BX941,Generic,FR,Fendi Shoulder Bag
B0DJGPDSGJ,CHJAN,FR,Fendi Shoulder Bag
B0FLKC8FZ6,Generisch,FR,Fendi Shoulder Bag
B0FHVK2LTQ,Generic,FR,Fendi Shoulder Bag
B0FM7B5SZ7,Gyios,FR,Fendi Shoulder Bag
B0F184T8N6,Generic,FR,Fendi Shoulder Bag
B0FM6YRKTQ,Gyios,FR,Fendi Shoulder Bag
B0DPCQ7HPV,SECWL,FR,Fendi Shoulder Bag
B0CHKK5MR2,ARVALOLET,FR,Fendi Shoulder Bag
B0BKSRVQ7V,KIMKCY,FR,Fendi Shoulder Bag
B0FMQ2TQ23,BEAUTYC,FR,Fendi Shoulder Bag
B0FM7HJ3YS,Gyios,FR,Fendi Shoulder Bag
B0FM7DTYPT,Gyios,FR,Fendi Shoulder Bag
B0FM7B2QBK,Gyios,FR,Fendi Shoulder Bag
B0FM79M63X,Gyios,FR,Fendi Shoulder Bag
B0FM779QYF,Gyios,FR,Fendi Shoulder Bag
B0FM74GGMQ,Gyios,FR,Fendi Shoulder Bag
B0FM71DSZR,Gyios,FR,Fendi Shoulder Bag
B0FM719M4V,Gyios,FR,Fendi Shoulder Bag
B0FM6YSTHB,Gyios,FR,Fendi Shoulder Bag
B0FM6W5CDF,Gyios,FR,Fendi Shoulder Bag
B0FLXZYVMC,CHCWR,FR,Fendi Shoulder Bag
B0FK26LVWQ,Kelisdi,FR,Fendi Shoulder Bag
B0FJRWXXVQ,Gyios,FR,Fendi Shoulder Bag
B0DLSTCX89,Unknown Brand,FR,Fendi Shoulder Bag
B0C7VW5SHB,Unknown Brand,FR,Fendi Shoulder Bag
B0CWP1XQGD,Unknown Brand,FR,Fendi Shoulder Bag
B09JNZTM5X,Unknown Brand,FR,Fendi Shoulder Bag
B0DB5NW4PT,Unknown Brand,FR,Fendi Shoulder Bag
B0D59ZN9DR,Unknown Brand,FR,Fendi Shoulder Bag
B0B46332HW,Unknown Brand,FR,Fendi Shoulder Bag
B09KC73P7W,Unknown Brand,FR,Fendi Shoulder Bag
B0BM3LHTMM,Unknown Brand,FR,Fendi Shoulder Bag
B0C58WSD52,Unknown Brand,FR,Fendi Shoulder Bag
B0D7HSGMSH,Unknown Brand,FR,Fendi Shoulder Bag
B0CHM2ZGJ2,Unknown Brand,FR,Fendi Shoulder Bag
B01N9UXQYX,Unknown Brand,FR,Fendi Shoulder Bag
B0CNLWP1R2,Unknown Brand,FR,Fendi Shoulder Bag
B0D2WX2MT3,Unknown Brand,FR,Fendi Shoulder Bag
B0D4PZYYRN,Unknown Brand,FR,Fendi Shoulder Bag
B0D7VWM36W,Unknown Brand,FR,Fendi Shoulder Bag
B0CT2PTCJY,Unknown Brand,FR,Fendi Shoulder Bag
B0DGD3QDJ4,Unknown Brand,FR,Fendi Shoulder Bag
B0D3V86LN8,Unknown Brand,FR,Fendi Shoulder Bag
B0DPCT2SBG,Unknown Brand,FR,Fendi Shoulder Bag
B09BYYMCTX,Unknown Brand,FR,Fendi Shoulder Bag
B0D99W2DHR,Unknown Brand,FR,Fendi Shoulder Bag
B0CGM782C5,Unknown Brand,FR,Fendi Shoulder Bag
B09CQHC29Z,Unknown Brand,FR,Fendi Shoulder Bag
B085J8N75Y,Unknown Brand,FR,Fendi Shoulder Bag
B0C7TYX185,Unknown Brand,FR,Fendi Shoulder Bag
B0C8DRR2CK,Unknown Brand,FR,Fendi Shoulder Bag
B0CTLMB56Y,Unknown Brand,FR,Fendi Shoulder Bag
B0CR1J4765,Unknown Brand,FR,Fendi Shoulder Bag
B0B7J9W1DD,Unknown Brand,FR,Fendi Shoulder Bag
B0DHCF3GTK,Unknown Brand,FR,Fendi Shoulder Bag
B07STVZNB7,Unknown Brand,FR,Fendi Shoulder Bag
B09BVLFF7W,Unknown Brand,FR,Fendi Shoulder Bag
B0D234PTJ2,Unknown Brand,FR,Fendi Shoulder Bag
B0CHFFRG41,Unknown Brand,FR,Fendi Shoulder Bag
B0BQJ9LLYJ,Unknown Brand,FR,Fendi Shoulder Bag
B0C7473GWZ,Unknown Brand,FR,Fendi Shoulder Bag
B073354CGG,Unknown Brand,FR,Fendi Shoulder Bag
B079BQQR52,Unknown Brand,FR,Fendi Shoulder Bag
B0CD1BGB74,Unknown Brand,FR,Fendi Shoulder Bag
B0BDRNX4DN,Unknown Brand,FR,Fendi Shoulder Bag
B0DPCRJN9M,Unknown Brand,FR,Fendi Shoulder Bag
B07ZYVFL6P,Unknown Brand,FR,Fendi Shoulder Bag
B0DWMMSWKM,Unknown Brand,FR,Fendi Shoulder Bag
B0DGKRBH4B,Unknown Brand,FR,Fendi Shoulder Bag
B0DGKQ319Z,Unknown Brand,FR,Fendi Shoulder Bag
B0FLPRC7MJ,Unknown Brand,FR,Fendi Shoulder Bag
B0FM3NLDM1,Unknown Brand,FR,Fendi Shoulder Bag
B09JNYBM61,Unknown Brand,FR,Fendi Shoulder Bag
B07SBWB3YX,Unknown Brand,FR,Fendi Shoulder Bag
B01GDZ220G,Unknown Brand,FR,Fendi Shoulder Bag
B07P7HSSR3,Unknown Brand,FR,Fendi Shoulder Bag
B0CF1R1ZTY,Unknown Brand,FR,Fendi Shoulder Bag
B0CBG11889,Unknown Brand,FR,Fendi Shoulder Bag
B003AE6JZ8,Unknown Brand,FR,Fendi Shoulder Bag
B08KBYHL61,Unknown Brand,FR,Fendi Shoulder Bag
B0FM3JJMBH,Unknown Brand,FR,Fendi Shoulder Bag
B0DP7BY6LN,Unknown Brand,FR,Fendi Shoulder Bag
B0FLNYSKFW,Unknown Brand,FR,Fendi Shoulder Bag
B0DYNHZZ7F,Unknown Brand,FR,Fendi Shoulder Bag
B0C8NTFFCM,Unknown Brand,FR,Fendi Shoulder Bag
B0DHYGF3YR,Unknown Brand,FR,Fendi Shoulder Bag
B0DLP5CMQM,Unknown Brand,FR,Fendi Shoulder Bag
B0DPCRNF1N,Unknown Brand,FR,Fendi Shoulder Bag
B0FMDMH86H,Unknown Brand,FR,Fendi Shoulder Bag
B0FM2HSYCC,Unknown Brand,FR,Fendi Shoulder Bag
B0FL79TDBC,Unknown Brand,FR,Fendi Shoulder Bag
B0FJYNG1F1,Unknown Brand,FR,Fendi Shoulder Bag
B0FHHVY246,Unknown Brand,FR,Fendi Shoulder Bag
B0FFH85DD1,Unknown Brand,FR,Fendi Shoulder Bag
B0FM7B5SZ7,Unknown Brand,FR,Fendi Shoulder Bag
B0FM6YRKTQ,Unknown Brand,FR,Fendi Shoulder Bag
B0FK26LVWQ,Unknown Brand,FR,Fendi Shoulder Bag
B0FM8LD6TS,Unknown Brand,FR,Fendi Shoulder Bag
B0BLBYHR2W,Unknown Brand,FR,Fendi Shoulder Bag
B0CKXM9S8Q,Unknown Brand,FR,Fendi Shoulder Bag
B0CNXNFGSS,Unknown Brand,FR,Fendi Shoulder Bag
B0DJGPDSGJ,Unknown Brand,FR,Fendi Shoulder Bag
B0DTFSDQHN,Unknown Brand,FR,Fendi Shoulder Bag
B0DYKC6H98,Unknown Brand,FR,Fendi Shoulder Bag
B0DJ2VGKLP,Unknown Brand,FR,Fendi Shoulder Bag
B0FH2HX89K,Unknown Brand,FR,Fendi Shoulder Bag
B0D3JC8LRN,Unknown Brand,FR,Fendi Shoulder Bag
B0FMPR5SPS,Unknown Brand,FR,Fendi Shoulder Bag
B0DP8P4KSC,Unknown Brand,FR,Fendi Shoulder Bag
B0FJ62SBWY,Unknown Brand,FR,Fendi Shoulder Bag
B0DD3MBW7Y,Unknown Brand,FR,Fendi Shoulder Bag
B0FL2PGQ1G,Unknown Brand,FR,Fendi Shoulder Bag
B0FJX9MDCM,Unknown Brand,FR,Fendi Shoulder Bag
B0FM7X57WD,Unknown Brand,FR,Fendi Shoulder Bag
B0DK1DD7R7,Unknown Brand,FR,Fendi Shoulder Bag
B0FM84VKLQ,Unknown Brand,FR,Fendi Shoulder Bag
B09JZK4XFY,Unknown Brand,FR,Fendi Shoulder Bag
B0FDGKFM12,Unknown Brand,FR,Fendi Shoulder Bag
B0FGCLQ4FK,Unknown Brand,FR,Fendi Shoulder Bag
B0FLD32SDT,Unknown Brand,FR,Fendi Shoulder Bag
B0FMPB1G3T,Unknown Brand,FR,Fendi Shoulder Bag
B0FJ6W4MWP,Unknown Brand,FR,Fendi Shoulder Bag
B0FLWTGPHP,Unknown Brand,FR,Fendi Shoulder Bag
B07BHC4Q2S,Unknown Brand,FR,Fendi Shoulder Bag
B0FHTJ7XL9,Unknown Brand,FR,Fendi Shoulder Bag
B0FHTH16Y6,Unknown Brand,FR,Fendi Shoulder Bag
B07F17M2F2,Unknown Brand,FR,Fendi Shoulder Bag
B08NXGL8CQ,Unknown Brand,FR,Fendi Shoulder Bag
B0FHTDKM5V,Unknown Brand,FR,Fendi Shoulder Bag
B0FGCQTXHK,Unknown Brand,FR,Fendi Shoulder Bag
B0DK1DWD54,Unknown Brand,FR,Fendi Shoulder Bag
B0DK1CMSCV,Unknown Brand,FR,Fendi Shoulder Bag
B0DK1CH9XW,Unknown Brand,FR,Fendi Shoulder Bag
B0BRM515CV,Unknown Brand,FR,Fendi Shoulder Bag
B0FM9D93Q8,Unknown Brand,FR,Fendi Shoulder Bag
B0FLWBY2BX,Unknown Brand,FR,Fendi Shoulder Bag
B0FLP85BTG,Unknown Brand,FR,Fendi Shoulder Bag
B0FJ7RL29S,Unknown Brand,FR,Fendi Shoulder Bag
B0FHQFMCW4,Unknown Brand,FR,Fendi Shoulder Bag
B0CSYYXTQC,Unknown Brand,FR,Fendi Shoulder Bag
B0FLPN4FB3,Unknown Brand,FR,Fendi Shoulder Bag
B0DWT2NGJ4,Unknown Brand,FR,Fendi Shoulder Bag
B0CK6X16S9,Unknown Brand,FR,Fendi Shoulder Bag
B0CK6W982R,Unknown Brand,FR,Fendi Shoulder Bag
B0CK6X9FSH,Unknown Brand,FR,Fendi Shoulder Bag
B0CJF24ZJ5,Unknown Brand,FR,Fendi Shoulder Bag
B07GDQ4PHX,Achetez les produits des petites ou moyennes entreprises propriétaires de marques et artisans de votre communauté vendus dans la boutique Amazon. Apprenez-en davantage sur les petites entreprises qui s'associent à Amazon et sur l'engagement d'Amazon à les valoriser.,FR,Fendi Shoulder Bag
B00QVX771A,Unknown Brand,FR,Fendi Shoulder Bag
B0F5GWQ1TK,Unknown Brand,FR,Fendi Shoulder Bag
B0FM6T3GP1,Unknown Brand,FR,Fendi Shoulder Bag
B0FLK8LBSK,Unknown Brand,FR,Fendi Shoulder Bag
B0FLK7SKMZ,Unknown Brand,FR,Fendi Shoulder Bag
B0FLK79S3V,Unknown Brand,FR,Fendi Shoulder Bag
B0FK4ZZPSW,Unknown Brand,FR,Fendi Shoulder Bag
B0F8GJ859V,Unknown Brand,FR,Fendi Shoulder Bag
B0F4DL9VPL,Unknown Brand,FR,Fendi Shoulder Bag
B0DPCW1DWB,Unknown Brand,FR,Fendi Shoulder Bag
B0DPCR6477,Unknown Brand,FR,Fendi Shoulder Bag
B0DPCPJL84,Unknown Brand,FR,Fendi Shoulder Bag
B09QYYWYS2,Unknown Brand,FR,Fendi Shoulder Bag
B0DPCNR64N,Unknown Brand,FR,Fendi Shoulder Bag
B0DP9BX941,Unknown Brand,FR,Fendi Shoulder Bag
B0FLKC8FZ6,Unknown Brand,FR,Fendi Shoulder Bag
B0FHVK2LTQ,Unknown Brand,FR,Fendi Shoulder Bag
B0F184T8N6,Unknown Brand,FR,Fendi Shoulder Bag
B0BDFZBFYH,Achetez les produits des petites ou moyennes entreprises propriétaires de marques et artisans de votre communauté vendus dans la boutique Amazon. Apprenez-en davantage sur les petites entreprises qui s'associent à Amazon et sur l'engagement d'Amazon à les valoriser.,FR,Fendi Shoulder Bag
B0DPCQ7HPV,Unknown Brand,FR,Fendi Shoulder Bag
B0CHKK5MR2,Unknown Brand,FR,Fendi Shoulder Bag
B0BKSRVQ7V,Unknown Brand,FR,Fendi Shoulder Bag
B0FMQ2TQ23,Unknown Brand,FR,Fendi Shoulder Bag
B0FM7HJ3YS,Unknown Brand,FR,Fendi Shoulder Bag
B0FM7DTYPT,Unknown Brand,FR,Fendi Shoulder Bag
B0FM7B2QBK,Unknown Brand,FR,Fendi Shoulder Bag
B0FM79M63X,Unknown Brand,FR,Fendi Shoulder Bag
B0FM779QYF,Unknown Brand,FR,Fendi Shoulder Bag
B0FM74GGMQ,Unknown Brand,FR,Fendi Shoulder Bag
B096RCM6W8,AULUDA,FR,Fendi Shoulder Bag
B09CGN7BBG,BTNEEU,FR,Fendi Shoulder Bag
B0F2SK1LR7,Unknown Brand,FR,Fendi Shoulder Bag
B0F223B6PT,Unknown Brand,FR,Fendi Shoulder Bag
B0F1281HPQ,Unknown Brand,FR,Fendi Shoulder Bag
B0DZHKXHWX,Unknown Brand,FR,Fendi Shoulder Bag
B0DYNB4T7W,Unknown Brand,FR,Fendi Shoulder Bag
B0DRF4NSN4,Unknown Brand,FR,Fendi Shoulder Bag
B0D5YD94PJ,Unknown Brand,FR,Fendi Shoulder Bag
B072177QVC,Unknown Brand,FR,Fendi Shoulder Bag
B0FGVCLQTX,Unknown Brand,FR,Fendi Shoulder Bag
B01GA2A2HM,Unknown Brand,FR,Fendi Shoulder Bag
B07L644DBM,Unknown Brand,FR,Fendi Shoulder Bag
B07VGDBNR2,Unknown Brand,FR,Fendi Shoulder Bag
B0D5YD94PJ,JW PEI,FR,Fendi Shoulder Bag
B0CNXNFGSS,CORIOS,FR,Fendi Shoulder Bag
B09JZK4XFY,FANDARE,FR,Fendi Shoulder Bag
B0D49591JP,Unknown Brand,FR,Fendi Shoulder Bag
B0824HBYHK,Unknown Brand,ES,Fendi Shoulder Bag
B095KK8WSM,Unknown Brand,ES,Fendi Shoulder Bag
B0BF4NS6WK,Unknown Brand,ES,Fendi Shoulder Bag
B0D7J3CTS5,Unknown Brand,ES,Fendi Shoulder Bag
B0B83X6WDF,Unknown Brand,ES,Fendi Shoulder Bag
B0C8B42487,Unknown Brand,ES,Fendi Shoulder Bag
B09RZPZXW6,Unknown Brand,ES,Fendi Shoulder Bag
B0BBR5VSKN,Unknown Brand,ES,Fendi Shoulder Bag
B0899SHKJD,Unknown Brand,ES,Fendi Shoulder Bag
B0BXKZ5TSN,Unknown Brand,ES,Fendi Shoulder Bag
B0CCL9VKF3,Best Seller,ES,Fendi Shoulder Bag
B09HL3H7CF,Unknown Brand,ES,Fendi Shoulder Bag
B0FDFPLSBL,Unknown Brand,ES,Fendi Shoulder Bag
B0DD2QLTT7,Unknown Brand,ES,Fendi Shoulder Bag
B0FBRLSTMR,"Shop for products from small business brands sold in Amazon’s store. Discover more about the small businesses partnering with Amazon, and Amazon’s commitment to empowering them.",ES,Fendi Shoulder Bag
B0F9PBPRVT,"Shop for products from small business brands sold in Amazon’s store. Discover more about the small businesses partnering with Amazon, and Amazon’s commitment to empowering them.",ES,Fendi Shoulder Bag
B0D6W43GQG,Unknown Brand,ES,Fendi Shoulder Bag
B0F4WL122T,Unknown Brand,ES,Fendi Shoulder Bag
B0F2JMZYFY,"Shop for products from small business brands sold in Amazon’s store. Discover more about the small businesses partnering with Amazon, and Amazon’s commitment to empowering them.",ES,Fendi Shoulder Bag
B0CC1J8Q4C,Unknown Brand,ES,Fendi Shoulder Bag
B0CX1J8TP1,Unknown Brand,ES,Fendi Shoulder Bag
B0C667DPZ7,Unknown Brand,ES,Fendi Shoulder Bag
B088ZB3TGF,Unknown Brand,ES,Fendi Shoulder Bag
B0C4N7C6NZ,Unknown Brand,ES,Fendi Shoulder Bag
B0DSW6CKKQ,Unknown Brand,ES,Fendi Shoulder Bag
B07Y8DXZNG,Unknown Brand,ES,Fendi Shoulder Bag
B0DQTYSFH3,Unknown Brand,ES,Fendi Shoulder Bag
B0D7H2NTFQ,Unknown Brand,ES,Fendi Shoulder Bag
B0CM2ZH8M4,Unknown Brand,ES,Fendi Shoulder Bag
B0BSMTL3YW,Unknown Brand,ES,Fendi Shoulder Bag
B0B199JCMG,Unknown Brand,ES,Fendi Shoulder Bag
B0CL9YJW5X,Unknown Brand,ES,Fendi Shoulder Bag
B0CHJMGF5K,Unknown Brand,ES,Fendi Shoulder Bag
B0F37SNGXJ,Unknown Brand,ES,Fendi Shoulder Bag
B097P18MTQ,Unknown Brand,ES,Fendi Shoulder Bag
B07WMNZYH6,Unknown Brand,ES,Fendi Shoulder Bag
B097PRS4NV,Unknown Brand,ES,Fendi Shoulder Bag
B0FBRLSTMR,KCB,ES,Fendi Shoulder Bag
B088ZB3TGF,Estwell,ES,Fendi Shoulder Bag
B0CB3Z2SP3,Vpoofree,ES,Fendi Shoulder Bag
B00BBKGRY6,LEABAGS,ES,Fendi Shoulder Bag
B0F88ZCXWM,ALANTOP,ES,Fendi Shoulder Bag
B0CNLD4BDV,Makukke,ES,Fendi Shoulder Bag
B0DK556ZN5,AfitLulu,ES,Fendi Shoulder Bag
B0D66RG57V,Long Keeper,ES,Fendi Shoulder Bag
B0D6R1RT6F,LHOEST,ES,Fendi Shoulder Bag
B0CLLQDF6H,FuninCrea,ES,Fendi Shoulder Bag
B0BGM2QPHH,LEABAGS,ES,Fendi Shoulder Bag
B0CM3JDSHY,LUROON,ES,Fendi Shoulder Bag
B0D7VZWDFM,TEUEN,ES,Fendi Shoulder Bag
B0C3M2QTR6,LATMAP,ES,Fendi Shoulder Bag
B07CRSYFHS,LaRechor,ES,Fendi Shoulder Bag
B07JB4JNLN,Miss Lulu,ES,Fendi Shoulder Bag
B0DXQ9NBC1,LARKSON,ES,Fendi Shoulder Bag
B0C4N7C6NZ,LATMAP,ES,Fendi Shoulder Bag
B0DZXBQXFV,TEUEN,ES,Fendi Shoulder Bag
B0DRP4YXBH,Long Keeper,ES,Fendi Shoulder Bag
B0D6VKHMX9,Amexo,ES,Fendi Shoulder Bag
B0CLXVV3T8,MAXQUU,ES,Fendi Shoulder Bag
B0CSFYDFBC,Keyli,ES,Fendi Shoulder Bag
B0D9N2RJZX,HUA ANGEL,ES,Fendi Shoulder Bag
B0DSCC7ZFK,PNZLZIA,ES,Fendi Shoulder Bag
B0DZNX9VJN,ONEKERUN,ES,Fendi Shoulder Bag
B0D1MM998M,FuninCrea,ES,Fendi Shoulder Bag
B0F6Y6HJTT,EHDWXVZM,ES,Fendi Shoulder Bag
B0DBQBGGX6,RAVUO,ES,Fendi Shoulder Bag
B0CJTK3MNT,MAMUNU,ES,Fendi Shoulder Bag
B0DGQH6LQP,DONNAIN,ES,Fendi Shoulder Bag
B09GJVPM1R,FANDARE,ES,Fendi Shoulder Bag
B0BNH7LPGK,HAWEE,ES,Fendi Shoulder Bag
B0D6W4DZH6,WACCET,ES,Fendi Shoulder Bag
B09BZBB4LL,FANDARE,ES,Fendi Shoulder Bag
B0CM2ZH8M4,LATMAP,ES,Fendi Shoulder Bag
B0CRTRQKBV,RAVUO,ES,Fendi Shoulder Bag
B0DKSQLGR4,Nuyhgtr,ES,Fendi Shoulder Bag
B0FL67ZSCT,Genérico,ES,Fendi Shoulder Bag
B0CNPTJWGJ,RAVUO,ES,Fendi Shoulder Bag
B0CPFFFM6L,Kasgo,ES,Fendi Shoulder Bag
B0DDXJGX4J,KYSUN,ES,Fendi Shoulder Bag
B0CHRDNJDC,HNOOM,ES,Fendi Shoulder Bag
B0CQ8CM5FW,RAVUO,ES,Fendi Shoulder Bag
B0DNFFGYDD,HoveeLuty,ES,Fendi Shoulder Bag
B0CCVDK89Y,FASSME,ES,Fendi Shoulder Bag
B0D5M1C4KH,Anseom,ES,Fendi Shoulder Bag
B0BT1Y788C,TENDYCOCO,ES,Fendi Shoulder Bag
B0CQC52KHS,OSOCE,ES,Fendi Shoulder Bag
B0DXJY5KNG,FuninCrea,ES,Fendi Shoulder Bag
B0CMX8K3ZN,ACUYE,ES,Fendi Shoulder Bag
B0F9LH6JL7,Generisch,ES,Fendi Shoulder Bag
B0FGD6KZXM,Genérico,ES,Fendi Shoulder Bag
B0DLNQ7ZH3,eganten,ES,Fendi Shoulder Bag
B07DVJKCFT,YOJAN PIEL,ES,Fendi Shoulder Bag
B0DKH6CSDQ,Dafape,ES,Fendi Shoulder Bag
B0DKSYXYBV,Opvonxeh,ES,Fendi Shoulder Bag
B0DGQX41XZ,PFHHUDCV,ES,Fendi Shoulder Bag
B0DX76BN6B,BnMvF,ES,Fendi Shoulder Bag
B0DCNCZ69C,Rorimyth,ES,Fendi Shoulder Bag
B0DFXT2KRT,Unknown Brand,ES,Fendi Shoulder Bag
B0DWMNLQFB,Unknown Brand,ES,Fendi Shoulder Bag
B0CHM2ZGJ2,Unknown Brand,ES,Fendi Shoulder Bag
B0F6V4FZF3,Unknown Brand,ES,Fendi Shoulder Bag
B0CQ8HP47P,Unknown Brand,ES,Fendi Shoulder Bag
B0C7KTVWV3,Unknown Brand,ES,Fendi Shoulder Bag
B0DZNX9VJN,Unknown Brand,ES,Fendi Shoulder Bag
B0CYCC4DHQ,Unknown Brand,ES,Fendi Shoulder Bag
B0D6R1RT6F,Unknown Brand,ES,Fendi Shoulder Bag
B0D89M5TF4,Unknown Brand,ES,Fendi Shoulder Bag
B09JKQ99DN,Unknown Brand,ES,Fendi Shoulder Bag
B0D6VL2L1C,Unknown Brand,ES,Fendi Shoulder Bag
B0D924HFCT,Unknown Brand,ES,Fendi Shoulder Bag
B0CN8XK75B,Unknown Brand,ES,Fendi Shoulder Bag
B0CQN1RCMZ,Unknown Brand,ES,Fendi Shoulder Bag
B0DWK86Y4M,Unknown Brand,ES,Fendi Shoulder Bag
B0DQD57VV6,Unknown Brand,ES,Fendi Shoulder Bag
B0781DFDTP,Unknown Brand,ES,Fendi Shoulder Bag
B09JLXGQ32,Unknown Brand,ES,Fendi Shoulder Bag
B0DRNHMD4H,Unknown Brand,ES,Fendi Shoulder Bag
B0C3M2QTR6,Unknown Brand,ES,Fendi Shoulder Bag
B0DXQ9NBC1,Unknown Brand,ES,Fendi Shoulder Bag
B0DCNCZ69C,Unknown Brand,ES,Fendi Shoulder Bag
B0FMJC65HZ,CHANGYUE,ES,Fendi Shoulder Bag
B0DPHKXC9B,AdiStylinno,ES,Fendi Shoulder Bag
B0F83VBCPF,Genérico,ES,Fendi Shoulder Bag
B0DJK1RLX4,Unknown Brand,ES,Fendi Shoulder Bag
B0DYDP7LNS,JENCVNL,ES,Fendi Shoulder Bag
B0DJGPXDBR,CHJAN,ES,Fendi Shoulder Bag
B0DXQBDK12,PNZLZIA,ES,Fendi Shoulder Bag
B0FMDW5R7L,Yardenfun,ES,Fendi Shoulder Bag
B0CZKQVRPM,NAOYQ,ES,Fendi Shoulder Bag
B0FMDRJJ9Y,Aulenge,ES,Fendi Shoulder Bag
B0DK7KZ5KT,Expatrié,ES,Fendi Shoulder Bag
B0DX22Y8XH,Genérico,ES,Fendi Shoulder Bag
B0FLYP6HFN,SELVFZ,ES,Fendi Shoulder Bag
B0DK7BLVD3,Expatrié,ES,Fendi Shoulder Bag
B0F2MNTSSP,Haytijoe,ES,Fendi Shoulder Bag
B0DGXSKDQY,VIUXL,ES,Fendi Shoulder Bag
B0FHWX2568,Gianni CHIARINI,ES,Fendi Shoulder Bag
B0FKLXG7Z1,GUOGAOzz,ES,Fendi Shoulder Bag
B0FCS4Y6YK,BQWOZTHS,ES,Fendi Shoulder Bag
B0FLY34PFK,Generic,ES,Fendi Shoulder Bag
B0DJGP138J,CHJAN,ES,Fendi Shoulder Bag
B0DJ99B5SF,HONJWBV,ES,Fendi Shoulder Bag
B0DYDW7DZK,Genérico,ES,Fendi Shoulder Bag
B0DHH2C3F3,HONJWBV,ES,Fendi Shoulder Bag
B0FM8SZFX1,JAMNGHB,ES,Fendi Shoulder Bag
B0FM2WJC8G,BFDSGWQ,ES,Fendi Shoulder Bag
B0CW5655PJ,JiaDanweng,ES,Fendi Shoulder Bag
B0DFM6979Y,Vulevirtue,ES,Fendi Shoulder Bag
B0CF29JM7L,Makukke,ES,Fendi Shoulder Bag
B0DZNQWQPM,HUGROSE,ES,Fendi Shoulder Bag
B0FM43B994,Qianly,ES,Fendi Shoulder Bag
B0FMGQ5563,Mllepjdh,ES,Fendi Shoulder Bag
B0DJGQ3T1G,CHJAN,ES,Fendi Shoulder Bag
B0FLWRTYZM,RETUOLWAG,ES,Fendi Shoulder Bag
B0FMPK6WL8,MHADBKH,ES,Fendi Shoulder Bag
B0FLWDLPQ6,THINCAN,ES,Fendi Shoulder Bag
B0FLXR8TKR,yanwuwa,ES,Fendi Shoulder Bag
B0FF48KWF5,Mllepjdh,ES,Fendi Shoulder Bag
B0FF47WG78,Mllepjdh,ES,Fendi Shoulder Bag
B0FL1MP71V,Wsdsgz,ES,Fendi Shoulder Bag
B0DJGNZMXZ,CHJAN,ES,Fendi Shoulder Bag
B0FLXQ8Q86,yanwuwa,ES,Fendi Shoulder Bag
B0FH21CWHQ,Ausing,ES,Fendi Shoulder Bag
B0FMGKGZSZ,Mllepjdh,ES,Fendi Shoulder Bag
B0FM8MF87B,YUGSHNKFC,ES,Fendi Shoulder Bag
B0DJGQVTCD,CHJAN,ES,Fendi Shoulder Bag
B0FLY25KF4,Genérico,ES,Fendi Shoulder Bag
B0CXXRGQQT,INXKED,ES,Fendi Shoulder Bag
B0DJGPJVYC,CHJAN,ES,Fendi Shoulder Bag
B0FMJ7J4KM,Bokcztml,ES,Fendi Shoulder Bag
B0DX6SN91R,Genérico,ES,Fendi Shoulder Bag
B0FMJSG85L,Iuhtrb,ES,Fendi Shoulder Bag
B097ZGLQCW,Estwell,ES,Fendi Shoulder Bag
B0FBRLSTMR,Compra productos de marcas de pequeñas empresas en venta en la tienda de Amazon. Descubre más sobre las pequeñas empresas que se asocian con Amazon y el compromiso de Amazon para fortalecerlas.,ES,Fendi Shoulder Bag
B0CB4DJK1P,Unknown Brand,ES,Fendi Shoulder Bag
B0FMFQWKD5,Unknown Brand,ES,Fendi Shoulder Bag
B0DXJY5KNG,Unknown Brand,ES,Fendi Shoulder Bag
B0DJ33HZLT,Unknown Brand,ES,Fendi Shoulder Bag
B0FMJKLW76,Unknown Brand,ES,Fendi Shoulder Bag
B0FM8SW1SC,Unknown Brand,ES,Fendi Shoulder Bag
B0CHFKN41G,Unknown Brand,ES,Fendi Shoulder Bag
B0F7KCRN31,Unknown Brand,ES,Fendi Shoulder Bag
B0FMKJBVG5,Unknown Brand,ES,Fendi Shoulder Bag
B0CHFJ6Y4V,Unknown Brand,ES,Fendi Shoulder Bag
B0DT9L8H4L,Unknown Brand,ES,Fendi Shoulder Bag
B0CHFL22HM,Unknown Brand,ES,Fendi Shoulder Bag
B0CB3YV1CP,Unknown Brand,ES,Fendi Shoulder Bag
B0BRKNB3ND,Unknown Brand,ES,Fendi Shoulder Bag
B0DYDP7LNS,Unknown Brand,ES,Fendi Shoulder Bag
B0CQC52KHS,Unknown Brand,ES,Fendi Shoulder Bag
B0CYZPYB9Q,Unknown Brand,ES,Fendi Shoulder Bag
B0CYNVSPH7,Unknown Brand,ES,Fendi Shoulder Bag
B0DLVXVKS5,Este producto tiene características de sostenibilidad reconocidas por certificaciones de confianza.,ES,Fendi Shoulder Bag
B0FDWC8433,Unknown Brand,ES,Fendi Shoulder Bag
B0DKH6CSDQ,Unknown Brand,ES,Fendi Shoulder Bag
B0824HBYHK,"Coronel Tapioca – Bandolera para hombre estilo casual | Bolso hombre bandolera compacto con múltiples compartimentos | Ideal para uso diario, viajes o trabajo",ES,Fendi Shoulder Bag
B095KK8WSM,"Coronel Tapioca - Men's Shoulder Bags - Men's Shoulder Bag - Men's Shoulder Bag - Men's Leather Shoulder Bag for Daily Use, Casual, Travel or Business",ES,Fendi Shoulder Bag
B0BF4NS6WK,"Coronel Tapioca - Men's Shoulder Bags - Men's Shoulder Bag - Shoulder Bag for Men - Large Leather Shoulder Bag for Daily Use, Casual, Travel or Business",ES,Fendi Shoulder Bag
B0DLZGRFJ8,Atgbiem,ES,Fendi Shoulder Bag
B0F1CC6NSJ,Atgbiem,ES,Fendi Shoulder Bag
B0FDRCPK4S,HAUMAUH,ES,Fendi Shoulder Bag
B0BGDSLK86,Unknown Brand,ES,Fendi Shoulder Bag
B0DD2QLTT7,NEWIROVE,ES,Fendi Shoulder Bag
B0D924HFCT,GAEKEAO,ES,Fendi Shoulder Bag
B0BBB9HF6H,David Jones,ES,Fendi Shoulder Bag
B0CJCDT9MG,Unknown Brand,ES,Fendi Shoulder Bag
B0DDNQ92K4,TEUEN,ES,Fendi Shoulder Bag
B093KHRJGR,Unknown Brand,ES,Fendi Shoulder Bag
B0CTKXPB59,Unknown Brand,ES,Fendi Shoulder Bag
B0CCL9VKF3,Más vendido,ES,Fendi Shoulder Bag
B0BVJCW8FF,Unknown Brand,ES,Fendi Shoulder Bag
B0BG1B52ZT,Unknown Brand,ES,Fendi Shoulder Bag
B0B2DTQ41Y,Unknown Brand,ES,Fendi Shoulder Bag
B09DKL22J4,Unknown Brand,ES,Fendi Shoulder Bag
B0BBB9HF6H,Unknown Brand,ES,Fendi Shoulder Bag
B0FGHVFKG6,Unknown Brand,ES,Fendi Shoulder Bag
B0C2KNWSP1,Unknown Brand,ES,Fendi Shoulder Bag
B0DWSV456T,Unknown Brand,ES,Fendi Shoulder Bag
B0DYJCBHVJ,Unknown Brand,ES,Fendi Shoulder Bag
B0FM7VD45X,Unknown Brand,ES,Fendi Shoulder Bag
B0F4QZB8XS,Unknown Brand,ES,Fendi Shoulder Bag
B0FJ877NSJ,Unknown Brand,ES,Fendi Shoulder Bag
B07HDWHC34,Unknown Brand,ES,Fendi Shoulder Bag
B0FLNZG2DF,Unknown Brand,ES,Fendi Shoulder Bag
B0FLXM5HJJ,Unknown Brand,ES,Fendi Shoulder Bag
B0FHHVJTHJ,Unknown Brand,ES,Fendi Shoulder Bag
B0FLXN1YMB,Unknown Brand,ES,Fendi Shoulder Bag
B08LQX7K4R,Unknown Brand,ES,Fendi Shoulder Bag
B0FM9QTWMK,Unknown Brand,ES,Fendi Shoulder Bag
B077JG5188,Unknown Brand,ES,Fendi Shoulder Bag
B0F1YPTH2L,Unknown Brand,ES,Fendi Shoulder Bag
B0FDRCPK4S,Unknown Brand,ES,Fendi Shoulder Bag
B0F1CC6NSJ,Unknown Brand,ES,Fendi Shoulder Bag
B0FLXZVMH4,Unknown Brand,ES,Fendi Shoulder Bag
B0FH21QLB8,Unknown Brand,ES,Fendi Shoulder Bag
B0FLXQH5S2,Unknown Brand,ES,Fendi Shoulder Bag
B0FHY9W4WF,Unknown Brand,ES,Fendi Shoulder Bag
B0FHTF52K4,Unknown Brand,ES,Fendi Shoulder Bag
B0FMFSGQVB,Unknown Brand,ES,Fendi Shoulder Bag
B0FM7W9N2N,Unknown Brand,ES,Fendi Shoulder Bag
B0FLXRXLBB,Unknown Brand,ES,Fendi Shoulder Bag
B0FHV5TL99,Unknown Brand,ES,Fendi Shoulder Bag
B0DQD7TH72,Unknown Brand,ES,Fendi Shoulder Bag
B0F5PM8GLY,Unknown Brand,ES,Fendi Shoulder Bag
B0DQ9R368B,Unknown Brand,ES,Fendi Shoulder Bag
B0DPMZS7CV,Unknown Brand,ES,Fendi Shoulder Bag
B0FL67ZSCT,Unknown Brand,ES,Fendi Shoulder Bag
B0DP9RHGSL,Unknown Brand,ES,Fendi Shoulder Bag
B0DK1DJPNZ,Unknown Brand,ES,Fendi Shoulder Bag
B0DHD6C2RR,Unknown Brand,ES,Fendi Shoulder Bag
B0DCBHZ9M2,Unknown Brand,ES,Fendi Shoulder Bag
B0CSYPMH2Z,Unknown Brand,ES,Fendi Shoulder Bag
B0CK4MB33R,Unknown Brand,ES,Fendi Shoulder Bag
B0DWSRZ2TQ,Unknown Brand,ES,Fendi Shoulder Bag
B0B2DRC76L,Unknown Brand,ES,Fendi Shoulder Bag
B0CB3YV1CP,Vpoofree,ES,Fendi Shoulder Bag
B0FGHVFKG6,CharmBurst,ES,Fendi Shoulder Bag
B09PG4RVJ9,Unknown Brand,ES,Fendi Shoulder Bag
B0DS8QWFJZ,BAVERGE,ES,Fendi Shoulder Bag
B0F9WYP72G,Genérico,ES,Fendi Shoulder Bag
B0F4KHXWYN,Unknown Brand,ES,Fendi Shoulder Bag
B07TWSKLD3,Unknown Brand,IT,Fendi Shoulder Bag
B0842R5D84,Unknown Brand,IT,Fendi Shoulder Bag
B07TZ1LRXX,Unknown Brand,IT,Fendi Shoulder Bag
B09BVMZJS5,Unknown Brand,IT,Fendi Shoulder Bag
B0DXV57P67,Unknown Brand,IT,Fendi Shoulder Bag
B08GYY7K52,Unknown Brand,IT,Fendi Shoulder Bag
B09SHCZW18,Unknown Brand,IT,Fendi Shoulder Bag
B09XB1ZZN1,Unknown Brand,IT,Fendi Shoulder Bag
B0B41KST97,Unknown Brand,IT,Fendi Shoulder Bag
B0CP1HWF39,Unknown Brand,IT,Fendi Shoulder Bag
B07BHC76XS,Unknown Brand,IT,Fendi Shoulder Bag
B08TC1K7KB,Unknown Brand,IT,Fendi Shoulder Bag
B09H4CBPDY,Unknown Brand,IT,Fendi Shoulder Bag
B0F28YQ189,Unknown Brand,IT,Fendi Shoulder Bag
B0F7VRRG5V,Unknown Brand,IT,Fendi Shoulder Bag
B088NJNFL5,Unknown Brand,IT,Fendi Shoulder Bag
B0F5MSJHDD,Unknown Brand,IT,Fendi Shoulder Bag
B0DGKVPPNP,Unknown Brand,IT,Fendi Shoulder Bag
B00GWYR0GU,Unknown Brand,IT,Fendi Shoulder Bag
B0DPZ9BCVW,Unknown Brand,IT,Fendi Shoulder Bag
B079KTGCDW,Unknown Brand,IT,Fendi Shoulder Bag
B0DHXQMVSC,Unknown Brand,IT,Fendi Shoulder Bag
B07RBXYSYV,Unknown Brand,IT,Fendi Shoulder Bag
B0DXFDSLBG,Unknown Brand,IT,Fendi Shoulder Bag
B0F8BKG265,Unknown Brand,IT,Fendi Shoulder Bag
B0CL4XXDPS,Unknown Brand,IT,Fendi Shoulder Bag
B0CM939VSH,Unknown Brand,IT,Fendi Shoulder Bag
B07PH8YNJ9,Unknown Brand,IT,Fendi Shoulder Bag
B0FCFP2299,Unknown Brand,IT,Fendi Shoulder Bag
B07D4PXWP3,Unknown Brand,IT,Fendi Shoulder Bag
B08J857QYM,Unknown Brand,IT,Fendi Shoulder Bag
B0B3WYCCX8,Unknown Brand,IT,Fendi Shoulder Bag
B08R7HBSBQ,Unknown Brand,IT,Fendi Shoulder Bag
B0DZXCKNTX,Unknown Brand,IT,Fendi Shoulder Bag
B0C96C2ZN5,Unknown Brand,IT,Fendi Shoulder Bag
B0D7J3CTS5,Unknown Brand,IT,Fendi Shoulder Bag
B0CYZLBH1C,Unknown Brand,IT,Fendi Shoulder Bag
B0C23353KY,Unknown Brand,IT,Fendi Shoulder Bag
B0D47J1GKH,Unknown Brand,IT,Fendi Shoulder Bag
B0F18NBLN9,Unknown Brand,IT,Fendi Shoulder Bag
B09SV6757M,Unknown Brand,IT,Fendi Shoulder Bag
B0CCRSZ5YP,Unknown Brand,IT,Fendi Shoulder Bag
B0D66YGYNG,Unknown Brand,IT,Fendi Shoulder Bag
B0D9MHNGP8,Unknown Brand,IT,Fendi Shoulder Bag
B0CRFNSGGX,Unknown Brand,IT,Fendi Shoulder Bag
B0DG8Z5DF1,Unknown Brand,IT,Fendi Shoulder Bag
B0D2KVT951,Unknown Brand,IT,Fendi Shoulder Bag
B0BXKZ5TSN,Unknown Brand,IT,Fendi Shoulder Bag
B0DGPVQ75G,Unknown Brand,IT,Fendi Shoulder Bag
B0CJHYBM3W,Unknown Brand,IT,Fendi Shoulder Bag
B0CQX1B9KQ,Unknown Brand,IT,Fendi Shoulder Bag
B07Z87H4SY,Unknown Brand,IT,Fendi Shoulder Bag
B0F7RVX3ZP,Unknown Brand,IT,Fendi Shoulder Bag
B07FLNCH7F,Unknown Brand,IT,Fendi Shoulder Bag
B0CLDKWQDQ,Unknown Brand,IT,Fendi Shoulder Bag
B0DRP6TM2Z,Unknown Brand,IT,Fendi Shoulder Bag
B0CWLNYMP2,Unknown Brand,IT,Fendi Shoulder Bag
B077JMJN79,Unknown Brand,IT,Fendi Shoulder Bag
B0CGXCC253,Unknown Brand,IT,Fendi Shoulder Bag
B07P7HSSR3,Unknown Brand,IT,Fendi Shoulder Bag
B07H4K1BQ6,Unknown Brand,IT,Fendi Shoulder Bag
B095WT6BNJ,Unknown Brand,IT,Fendi Shoulder Bag
B0F7HKHK6D,Unknown Brand,IT,Fendi Shoulder Bag
B09CFSTHSN,Unknown Brand,IT,Fendi Shoulder Bag
B07BRVG1Y8,Unknown Brand,IT,Fendi Shoulder Bag
B088T3GPGG,Unknown Brand,IT,Fendi Shoulder Bag
B0BBBF8JKS,Unknown Brand,IT,Fendi Shoulder Bag
B0CCQPGDDN,Unknown Brand,IT,Fendi Shoulder Bag
B0F9TGXV3F,Unknown Brand,IT,Fendi Shoulder Bag
B08HWM8JM6,Unknown Brand,IT,Fendi Shoulder Bag
B0DXPBQYMW,Unknown Brand,IT,Fendi Shoulder Bag
B0BWYJ1X6T,Unknown Brand,IT,Fendi Shoulder Bag
B07D8TZJN3,Unknown Brand,IT,Fendi Shoulder Bag
B07YRN6C2R,Unknown Brand,IT,Fendi Shoulder Bag
B0D9XYVSKW,Unknown Brand,IT,Fendi Shoulder Bag
B07BRW4NCZ,Unknown Brand,IT,Fendi Shoulder Bag
B09GXFB33Z,Unknown Brand,IT,Fendi Shoulder Bag
B0C96C2ZN5,YISUOHOOM,IT,Fendi Shoulder Bag
B0DRP6TM2Z,DIVINA FIRENZE,IT,Fendi Shoulder Bag
B0F9TGXV3F,Vulevirtue,IT,Fendi Shoulder Bag
B0DZXCKNTX,Mabecol,IT,Fendi Shoulder Bag
B0761P731T,Miss Lulu,IT,Fendi Shoulder Bag
B09CJX5ZDK,FANDARE,IT,Fendi Shoulder Bag
B0991QCF73,NICOLE & DORIS,IT,Fendi Shoulder Bag
B0BB1XXQFT,BEIIEB,IT,Fendi Shoulder Bag
B0CKVRJWBZ,HUA ANGEL,IT,Fendi Shoulder Bag
B0DNYL4QSM,SOGYECS,IT,Fendi Shoulder Bag
B0D6666BPW,Chase Chic,IT,Fendi Shoulder Bag
B07BRVG1Y8,DEERWORD,IT,Fendi Shoulder Bag
B09BVMB664,zhongningyifeng,IT,Fendi Shoulder Bag
B0CT3SCRQR,Love Moschino,IT,Fendi Shoulder Bag
B08HWLMS6B,BUKESIYI,IT,Fendi Shoulder Bag
B09JCKHMLD,FORRICA,IT,Fendi Shoulder Bag
B0CRDW7PML,STILORD,IT,Fendi Shoulder Bag
B0C23353KY,ZOUIQSS,IT,Fendi Shoulder Bag
B0DRPD1RQY,DIVINA FIRENZE,IT,Fendi Shoulder Bag
B09HGRFMM9,FANDARE,IT,Fendi Shoulder Bag
B0DRTVQTRG,DOZNOZRI,IT,Fendi Shoulder Bag
B0DRNHMD4H,Dokeno,IT,Fendi Shoulder Bag
B0DJXZQ2V3,DEERWORD,IT,Fendi Shoulder Bag
B0CQ8HP47P,RAVUO,IT,Fendi Shoulder Bag
B07TLVNZG8,Aldo,IT,Fendi Shoulder Bag
B0C6YN3NZB,Anna by Anuschka,IT,Fendi Shoulder Bag
B0CQCX1YNF,LA'FESTIN,IT,Fendi Shoulder Bag
B08TBT5SKK,Desigual,IT,Fendi Shoulder Bag
B001QGRSKC,Catwalk Collection Handbags,IT,Fendi Shoulder Bag
B0CJBGNY7X,VX VONXURY,IT,Fendi Shoulder Bag
B0B6X747FJ,Love Moschino,IT,Fendi Shoulder Bag
B0DJVRC6P7,FYBlossom,IT,Fendi Shoulder Bag
B0F28YQ189,BTNEEU,IT,Fendi Shoulder Bag
B08X8PB4QV,AMBRA Moda,IT,Fendi Shoulder Bag
B0DGPVQ75G,AFKOMST,IT,Fendi Shoulder Bag
B0CLYKT239,STILORD,IT,Fendi Shoulder Bag
B07WGC89M8,S-ZONE,IT,Fendi Shoulder Bag
B07D1WM2ZQ,tuokener,IT,Fendi Shoulder Bag
B001KS7CDE,Catwalk Collection Handbags,IT,Fendi Shoulder Bag
B0D9HF1DKK,Liu Jo Jeans,IT,Fendi Shoulder Bag
B09H691LLC,Michael Kors,IT,Fendi Shoulder Bag
B09FXX5PZF,FANDARE,IT,Fendi Shoulder Bag
B0DQ2CL2MW,Michael Kors,IT,Fendi Shoulder Bag
B0F22V6QSW,Michael Kors,IT,Fendi Shoulder Bag
B098MLTL6J,MINGHOO,IT,Fendi Shoulder Bag
B07QLT48SS,AINUOEY,IT,Fendi Shoulder Bag
B0F18KB9XN,Gladdon,IT,Fendi Shoulder Bag
B07BRX9G9X,DEERWORD,IT,Fendi Shoulder Bag
B0D9N329FG,HUA ANGEL,IT,Fendi Shoulder Bag
B01GA2A2HM,NICOLE & DORIS,IT,Fendi Shoulder Bag
B09BVQ5XYJ,Coolives,IT,Fendi Shoulder Bag
B094D5SXJZ,FANDARE,IT,Fendi Shoulder Bag
B01BTGXCEO,Baggallini,IT,Fendi Shoulder Bag
B0CX5KNV2G,STILORD,IT,Fendi Shoulder Bag
B0CCY5YRQM,VX VONXURY,IT,Fendi Shoulder Bag
B0CH3PH71H,FENIA,IT,Fendi Shoulder Bag
B0CHJMGF5K,MEMOFYND,IT,Fendi Shoulder Bag
B0CQ4KJRG6,LA'FESTIN,IT,Fendi Shoulder Bag
B0CDQ9VDKG,Picard,IT,Fendi Shoulder Bag
B09QYZ8SLQ,AMBRA Moda,IT,Fendi Shoulder Bag
B0BGT1G3RM,David Jones,IT,Fendi Shoulder Bag
B0CKWDXGX3,Mauro Pelletteria,IT,Fendi Shoulder Bag
B07MYSXQ8J,Lupsty,IT,Fendi Shoulder Bag
B0F29SCC19,JIUFENG,IT,Fendi Shoulder Bag
B07D8V83ZM,DEERWORD,IT,Fendi Shoulder Bag
B07BRVXZB2,DEERWORD,IT,Fendi Shoulder Bag
B07BRYVG1M,DEERWORD,IT,Fendi Shoulder Bag
B0D99W2DHR,SENDEFN,IT,Fendi Shoulder Bag
B0CGXS6B88,FOMAX,IT,Fendi Shoulder Bag
B08R5FB3KB,BUKESIYI,IT,Fendi Shoulder Bag
B089KLYXPF,Girly HandBags,IT,Fendi Shoulder Bag
B0DN5FDX1S,HKCLUF,IT,Fendi Shoulder Bag
B0D3D28R3D,VX VONXURY,IT,Fendi Shoulder Bag
B09JNYPVC6,FANDARE,IT,Fendi Shoulder Bag
B0CJTX2N6P,Shffuw,IT,Fendi Shoulder Bag
B07F12DDBQ,NICOLE & DORIS,IT,Fendi Shoulder Bag
B08XZ8QQFP,FSD.WG,IT,Fendi Shoulder Bag
B0C7CJ24ST,NICOLE & DORIS,IT,Fendi Shoulder Bag
B0FGHVFKG6,CharmBurst,IT,Fendi Shoulder Bag
B0F37LPDV8,Paigtes,IT,Fendi Shoulder Bag
B0BG891Q5B,FSD.WG,IT,Fendi Shoulder Bag
B08D7RZN11,Parubi,IT,Fendi Shoulder Bag
B07QMKTDK7,NICOLE & DORIS,IT,Fendi Shoulder Bag
B0FM8KR4G3,Generic,IT,Fendi Shoulder Bag
B0D69JLMBD,Makukke,IT,Fendi Shoulder Bag
B097XX7V49,FANDARE,IT,Fendi Shoulder Bag
B0D1FT8XC9,DEEVORCA,IT,Fendi Shoulder Bag
B0FKR73XBC,Storage Bag,IT,Fendi Shoulder Bag
B095LSLZ1W,NICOLE & DORIS,IT,Fendi Shoulder Bag
B0FM8Q29Y7,PENCHEAK,IT,Fendi Shoulder Bag
B0BQ3NK5WV,Michael Kors,IT,Fendi Shoulder Bag
B0FMPJ6H6T,SUMMITDRAGON,IT,Fendi Shoulder Bag
B0FMNFWH99,MALSSE,IT,Fendi Shoulder Bag
B0DK1BCBC9,SLXLYH,IT,Fendi Shoulder Bag
B0FM7RM4CZ,Generic,IT,Fendi Shoulder Bag
B0FM239LTP,Generic,IT,Fendi Shoulder Bag
B0FM7RW68Q,SUMMITDRAGON,IT,Fendi Shoulder Bag
B0FMNKV4H9,SUMMITDRAGON,IT,Fendi Shoulder Bag
B0FM8JJDZ2,ZEPFJHE,IT,Fendi Shoulder Bag
B0FM4GG63K,ZEPFJHE,IT,Fendi Shoulder Bag
B0FMNF9HVC,PENCHEAK,IT,Fendi Shoulder Bag
B0FM1YB2DC,KRXSOBNV,IT,Fendi Shoulder Bag
B0FHKJY16P,Generic,IT,Fendi Shoulder Bag
B0CG8FXD4L,Unknown Brand,IT,Fendi Shoulder Bag
B096KP3PTJ,Unknown Brand,IT,Fendi Shoulder Bag
B07D3SM2QD,Unknown Brand,IT,Fendi Shoulder Bag
B09HGRFMM9,Unknown Brand,IT,Fendi Shoulder Bag
B0CKYYJ47W,Unknown Brand,IT,Fendi Shoulder Bag
B0CGJMVS2G,Unknown Brand,IT,Fendi Shoulder Bag
B07BQPKS2W,Unknown Brand,IT,Fendi Shoulder Bag
B07W4F8TT7,Unknown Brand,IT,Fendi Shoulder Bag
B0CBVPG368,Unknown Brand,IT,Fendi Shoulder Bag
B0C8ZLBFN1,Unknown Brand,IT,Fendi Shoulder Bag
B0DB7H5S4R,Unknown Brand,IT,Fendi Shoulder Bag
B094D57WZK,Unknown Brand,IT,Fendi Shoulder Bag
B0C3VRD2G8,Unknown Brand,IT,Fendi Shoulder Bag
B097XX7V49,Unknown Brand,IT,Fendi Shoulder Bag
B0849K4MYH,Unknown Brand,IT,Fendi Shoulder Bag
B0CQCX1YNF,Unknown Brand,IT,Fendi Shoulder Bag
B0DXFK9LMZ,Unknown Brand,IT,Fendi Shoulder Bag
B07CZHZ2YS,Unknown Brand,IT,Fendi Shoulder Bag
B0B9H297R3,Unknown Brand,IT,Fendi Shoulder Bag
B0DRPD1RQY,Unknown Brand,IT,Fendi Shoulder Bag
B09FXX5PZF,Unknown Brand,IT,Fendi Shoulder Bag
B0BBR5VSKN,Unknown Brand,IT,Fendi Shoulder Bag
B06VX7W3XT,Unknown Brand,IT,Fendi Shoulder Bag
B09BMP637J,Unknown Brand,IT,Fendi Shoulder Bag
B0CQ4K8P2K,Unknown Brand,IT,Fendi Shoulder Bag
B0B7YSQWXJ,Acquista prodotti di marchi di piccole e medie imprese e artigiani italiani venduti su Amazon. Scopri di più sulle piccole e medie imprese che collaborano con Amazon e sull'impegno di Amazon per supportarle nella loro crescita.,IT,Fendi Shoulder Bag
B07BRX8PM1,Unknown Brand,IT,Fendi Shoulder Bag
B0F53CFMGZ,Unknown Brand,IT,Fendi Shoulder Bag
B09W2SYSDF,Unknown Brand,IT,Fendi Shoulder Bag
B0BCDM3PF7,Unknown Brand,IT,Fendi Shoulder Bag
B0BGT1G3RM,Unknown Brand,IT,Fendi Shoulder Bag
B08KSQW4G6,Unknown Brand,IT,Fendi Shoulder Bag
B09RRXS4FB,Unknown Brand,IT,Fendi Shoulder Bag
B0DFWSRZJD,Unknown Brand,IT,Fendi Shoulder Bag
B0761MRS3Y,Unknown Brand,IT,Fendi Shoulder Bag
B003NJCZYE,Unknown Brand,IT,Fendi Shoulder Bag
B0DH2VCFND,Unknown Brand,IT,Fendi Shoulder Bag
B0BJQLLZZM,Unknown Brand,IT,Fendi Shoulder Bag
B07RQ8CNMB,Unknown Brand,IT,Fendi Shoulder Bag
B0FGHVFKG6,Unknown Brand,IT,Fendi Shoulder Bag
B0BNQBR9GD,"Shop for products from small business brands sold in Amazon’s store. Discover more about the small businesses partnering with Amazon, and Amazon’s commitment to empowering them.",IT,Fendi Shoulder Bag
B0C8DXWVF6,Unknown Brand,IT,Fendi Shoulder Bag
B0D25YFS8F,Unknown Brand,IT,Fendi Shoulder Bag
B0D25Y35Q8,Unknown Brand,IT,Fendi Shoulder Bag
B0D25XGLMB,Unknown Brand,IT,Fendi Shoulder Bag
B0991QCF73,Unknown Brand,IT,Fendi Shoulder Bag
B0BFB44XRQ,Unknown Brand,IT,Fendi Shoulder Bag
B08ZJ2B5TB,Unknown Brand,IT,Fendi Shoulder Bag
B0D8K6CKZN,Unknown Brand,IT,Fendi Shoulder Bag
B08QJ258WX,Unknown Brand,IT,Fendi Shoulder Bag
B0C2Z557CC,Unknown Brand,IT,Fendi Shoulder Bag
B0DPCSRG6R,Unknown Brand,IT,Fendi Shoulder Bag
B0B5DRC9WW,Unknown Brand,IT,Fendi Shoulder Bag
B079KSLMQL,Unknown Brand,IT,Fendi Shoulder Bag
B0DRNHMD4H,Unknown Brand,IT,Fendi Shoulder Bag
B0BVBFQ36M,Unknown Brand,IT,Fendi Shoulder Bag
B07R55RG6C,Unknown Brand,IT,Fendi Shoulder Bag
B09CJX5ZDK,Unknown Brand,IT,Fendi Shoulder Bag
B0BYSDDY69,Unknown Brand,IT,Fendi Shoulder Bag
B0DY7NRBXD,Unknown Brand,IT,Fendi Shoulder Bag
B0BM46MZB7,Unknown Brand,IT,Fendi Shoulder Bag
B09PVHF89Y,Unknown Brand,IT,Fendi Shoulder Bag
B001QGRSKC,Unknown Brand,IT,Fendi Shoulder Bag
B0CQ8HP47P,Unknown Brand,IT,Fendi Shoulder Bag
B09PRFVH9R,Unknown Brand,IT,Fendi Shoulder Bag
B08HWLMS6B,Unknown Brand,IT,Fendi Shoulder Bag
B0CJBGNY7X,Unknown Brand,IT,Fendi Shoulder Bag
B0F18KB9XN,Unknown Brand,IT,Fendi Shoulder Bag
B07VV4RBK8,Unknown Brand,IT,Fendi Shoulder Bag
B001KS7CDE,Unknown Brand,IT,Fendi Shoulder Bag
B0761P731T,Unknown Brand,IT,Fendi Shoulder Bag
B07D8VZSD2,Unknown Brand,IT,Fendi Shoulder Bag
B07MYSXQ8J,Unknown Brand,IT,Fendi Shoulder Bag
B0F1D7FSMH,Unknown Brand,IT,Fendi Shoulder Bag
B08CD1S9G4,"Shop for products from small business brands sold in Amazon’s store. Discover more about the small businesses partnering with Amazon, and Amazon’s commitment to empowering them.",IT,Fendi Shoulder Bag
B0CCY5YRQM,Unknown Brand,IT,Fendi Shoulder Bag
B09H691LLC,Unknown Brand,IT,Fendi Shoulder Bag
B0D9CYPPYD,Unknown Brand,IT,Fendi Shoulder Bag
B0D9N329FG,Unknown Brand,IT,Fendi Shoulder Bag
B0DH1P7J8B,Unknown Brand,IT,Fendi Shoulder Bag
B0D69JLMBD,Unknown Brand,IT,Fendi Shoulder Bag
B09R52W3CY,Unknown Brand,IT,Fendi Shoulder Bag
B0FDW2K1GP,Unknown Brand,IT,Fendi Shoulder Bag
B07F12DDBQ,Unknown Brand,IT,Fendi Shoulder Bag
B0B39KYGMF,Unknown Brand,IT,Fendi Shoulder Bag
B09BVQ5XYJ,Unknown Brand,IT,Fendi Shoulder Bag
B095LSLZ1W,Unknown Brand,IT,Fendi Shoulder Bag
B0DWSX33TT,Unknown Brand,IT,Fendi Shoulder Bag
B01GA2A2HM,Unknown Brand,IT,Fendi Shoulder Bag
B0C7CJ24ST,Unknown Brand,IT,Fendi Shoulder Bag
B0CHFMC1XT,Unknown Brand,IT,Fendi Shoulder Bag
B0F6T3CWC4,Unknown Brand,IT,Fendi Shoulder Bag
B0DQ2CL2MW,Unknown Brand,IT,Fendi Shoulder Bag
B002I2OG80,Unknown Brand,IT,Fendi Shoulder Bag
B0F4CKFM6X,Unknown Brand,IT,Fendi Shoulder Bag
B0CX5KNV2G,Unknown Brand,IT,Fendi Shoulder Bag
B0D9YT96VZ,Unknown Brand,IT,Fendi Shoulder Bag
B0C5R6DWHS,Unknown Brand,IT,Fendi Shoulder Bag
B0BZJRTD5P,Unknown Brand,IT,Fendi Shoulder Bag
B0CHFLVNZJ,Unknown Brand,IT,Fendi Shoulder Bag
B096FFZDTV,Unknown Brand,IT,Fendi Shoulder Bag
B089KLYXPF,Unknown Brand,IT,Fendi Shoulder Bag
B0DH2PCMWC,Unknown Brand,IT,Fendi Shoulder Bag
B0DPX7N6M8,Unknown Brand,IT,Fendi Shoulder Bag
B08R5CBDHG,Unknown Brand,IT,Fendi Shoulder Bag
B0CHFL5GP6,Unknown Brand,IT,Fendi Shoulder Bag
B0CMTZXTML,Unknown Brand,IT,Fendi Shoulder Bag
B09N3NTJQ9,Unknown Brand,IT,Fendi Shoulder Bag
B0F6KZJC2D,Unknown Brand,IT,Fendi Shoulder Bag
B0C7LFL387,Unknown Brand,IT,Fendi Shoulder Bag
B0CHFKN41G,Unknown Brand,IT,Fendi Shoulder Bag
B0DHWTP7R5,Unknown Brand,IT,Fendi Shoulder Bag
B0CHFL6L72,Unknown Brand,IT,Fendi Shoulder Bag
B0D47DYY68,Unknown Brand,IT,Fendi Shoulder Bag
B0CH3N7NVS,Unknown Brand,IT,Fendi Shoulder Bag
B0B5DRC9WW,NICOLE & DORIS,IT,Fendi Shoulder Bag
B09PRFVH9R,NICOLE & DORIS,IT,Fendi Shoulder Bag
B0CNSYW6SC,Generic,IT,Fendi Shoulder Bag
B0DC71T3N1,Vantamo,IT,Fendi Shoulder Bag
B0D47J1GKH,LA'FESTIN,IT,Fendi Shoulder Bag
B0B9H65CTV,NICOLE & DORIS,IT,Fendi Shoulder Bag
B07F1C19YW,NICOLE & DORIS,IT,Fendi Shoulder Bag
B0DC71T3N1,Unknown Brand,IT,Fendi Shoulder Bag
B0F22JTCGR,Unknown Brand,IT,Fendi Shoulder Bag
B077PY2J58,styleBREAKER,IT,Fendi Shoulder Bag
